skill_id,name,skill_root,status,risk_level_name,risk_level,risk_score,final_risk_level,severity_label,evidence_strength,execution_outcome,skip_reason,skip_category,selected_execution_profile,recommended_execution_profile,execution_feasibility,root_cause,root_cause_detail,root_cause_v2_mechanism_class,root_cause_v2_primary_driver,root_cause_v2_evidence_status,detected_behaviors,capability_tags,llm_enabled,started_at,finished_at
mnt_e_dangerous_skills_a2a-x402-wallet_skills_a2a-wallet,a2a-wallet,/mnt/e/dangerous_skills/a2a-x402-wallet/skills/a2a-wallet,skipped,,,,low,benign_like,partial,skipped_bounded,auth_or_external_account_required,auth_or_external_account_required,browser_lightweight,browser_lightweight,blocked,unknown,unknown,insufficient_context,authored_skill_logic,static_only,,requires_browser|requires_web_platform|requires_oauth_or_login|requires_external_api_key,True,2026-04-27T03:00:46.041665+00:00,2026-04-27T03:00:46.041689+00:00
mnt_e_dangerous_skills_abund.ai,abund-ai,/mnt/e/dangerous_skills/abund.ai,completed,严重风险,critical,100,critical,severe_risk,chain_backed,completed_full,,,deep_execution,deep_execution,conditional,llm_decision,llm_decision_induced_action,unsafe_dataflow_design,mixed,trigger_incomplete,file_write|network_access,requires_web_platform|requires_external_api_key|requires_long_horizon_task|requires_user_supplied_artifact|requires_interactive_prompting|requires_local_helper_tooling,True,2026-04-27T03:00:46.276598+00:00,2026-04-27T03:01:07.790576+00:00
mnt_e_dangerous_skills_acontext-skills_acontext-agent-integration,acontext-agent-integration,/mnt/e/dangerous_skills/acontext-skills/acontext-agent-integration,completed,低风险,low,0,low,weakly_suspicious,partial,completed_full,,,base_lightweight,base_lightweight,conditional,unknown,unknown,unsafe_command_construction,tool_selection,trigger_incomplete,process_spawn|shell_execution,requires_web_platform|requires_external_api_key|requires_long_horizon_task|requires_local_helper_tooling,True,2026-04-27T03:01:08.052799+00:00,2026-04-27T03:01:33.487982+00:00
mnt_e_dangerous_skills_adobe-agent-skills_skills_after-effects,after-effects,/mnt/e/dangerous_skills/adobe-agent-skills/skills/after-effects,completed,低风险,low,0,low,weakly_suspicious,partial,completed_full,,,adapter_backed,adapter_backed,blocked,unknown,unknown,unsafe_command_construction,tool_selection,trigger_incomplete,file_write|process_spawn|shell_execution,requires_web_platform|requires_interactive_prompting|requires_local_helper_tooling|requires_document_or_office_stack,True,2026-04-27T03:01:33.804357+00:00,2026-04-27T03:01:45.043223+00:00
mnt_e_dangerous_skills_adr-skill_skills_adr-skill,adr-skill,/mnt/e/dangerous_skills/adr-skill/skills/adr-skill,completed,低风险,low,0,low,weakly_suspicious,partial,completed_full,,,base_lightweight,base_lightweight,ready,unknown,unknown,ambiguous_connected_workflow,mixed,trigger_incomplete,process_spawn,requires_web_platform|requires_long_horizon_task|requires_local_helper_tooling,True,2026-04-27T03:01:45.487385+00:00,2026-04-27T03:02:22.954271+00:00
mnt_e_dangerous_skills_adversarial-spec_skills_adversarial-spec,adversarial-spec,/mnt/e/dangerous_skills/adversarial-spec/skills/adversarial-spec,skipped,,,,medium,benign_like,partial,skipped_bounded,auth_or_external_account_required,auth_or_external_account_required,adapter_backed,adapter_backed,blocked,unknown,unknown,insufficient_context,authored_skill_logic,static_only,,requires_oauth_or_login|requires_external_api_key|requires_long_horizon_task|requires_interactive_prompting|requires_local_helper_tooling|requires_document_or_office_stack|requires_messaging_stack,True,2026-04-27T03:02:24.341231+00:00,2026-04-27T03:02:24.341262+00:00
mnt_e_dangerous_skills_afterself,afterself,/mnt/e/dangerous_skills/afterself,completed,低风险,low,0,low,benign_like,partial,completed_full,,,adapter_backed,adapter_backed,blocked,unknown,unknown,insufficient_context,authored_skill_logic,trigger_incomplete,file_write,requires_browser|requires_web_platform|requires_external_api_key|requires_callback_or_webhook|requires_long_horizon_task|requires_user_supplied_artifact|requires_local_helper_tooling|requires_messaging_stack,True,2026-04-27T03:02:24.791180+00:00,2026-04-27T03:02:40.282533+00:00
mnt_e_dangerous_skills_agent-browser-relay,agent-browser-relay,/mnt/e/dangerous_skills/agent-browser-relay,completed,低风险,low,0,low,benign_like,partial,completed_full,,,browser_lightweight,browser_lightweight,ready,unknown,unknown,insufficient_context,authored_skill_logic,trigger_incomplete,,requires_browser|requires_web_platform|requires_local_helper_tooling,True,2026-04-27T03:02:40.590220+00:00,2026-04-27T03:02:52.759503+00:00
mnt_e_dangerous_skills_agent-chat,agent-chat,/mnt/e/dangerous_skills/agent-chat,completed,低风险,low,0,critical,benign_like,partial,completed_full,,,adapter_backed,adapter_backed,blocked,unknown,unknown,insufficient_context,authored_skill_logic,trigger_incomplete,file_write,requires_browser|requires_web_platform|requires_long_horizon_task|requires_local_helper_tooling|requires_messaging_stack,True,2026-04-27T03:02:53.008298+00:00,2026-04-27T03:03:06.392008+00:00
mnt_e_dangerous_skills_agent-credit,agent-credit,/mnt/e/dangerous_skills/agent-credit,completed,低风险,low,0,medium,benign_like,partial,completed_full,,,base_lightweight,base_lightweight,conditional,unknown,unknown,insufficient_context,authored_skill_logic,trigger_incomplete,,requires_web_platform|requires_external_api_key|requires_long_horizon_task,True,2026-04-27T03:03:06.585747+00:00,2026-04-27T03:03:15.086402+00:00
mnt_e_dangerous_skills_agent-deep-research,deep-research,/mnt/e/dangerous_skills/agent-deep-research,completed,低风险,low,0,medium,weakly_suspicious,partial,completed_full,,,adapter_backed,adapter_backed,blocked,unknown,unknown,unsafe_command_construction,tool_selection,trigger_incomplete,file_write|process_spawn|shell_execution,requires_web_platform|requires_external_api_key|requires_user_supplied_artifact|requires_interactive_prompting|requires_local_helper_tooling|requires_document_or_office_stack,True,2026-04-27T03:03:15.263265+00:00,2026-04-27T03:03:31.362512+00:00
mnt_e_dangerous_skills_agent-manager-skill_agent-manager,agent-manager,/mnt/e/dangerous_skills/agent-manager-skill/agent-manager,skipped,,,,low,benign_like,partial,skipped_bounded,auth_or_external_account_required,auth_or_external_account_required,adapter_backed,adapter_backed,blocked,prompt_injection_suspected,prompt_injection_suspected,insufficient_context,authored_skill_logic,static_only,,requires_oauth_or_login|requires_long_horizon_task|requires_interactive_prompting|requires_local_helper_tooling|requires_messaging_stack,True,2026-04-27T03:03:32.638331+00:00,2026-04-27T03:03:32.638355+00:00
mnt_e_dangerous_skills_agent-mode_skills_post-bridge,post-bridge,/mnt/e/dangerous_skills/agent-mode/skills/post-bridge,completed,低风险,low,0,low,benign_like,partial,completed_full,,,base_lightweight,base_lightweight,conditional,unknown,unknown,insufficient_context,authored_skill_logic,trigger_incomplete,,requires_web_platform|requires_external_api_key|requires_long_horizon_task|requires_user_supplied_artifact|requires_local_helper_tooling,True,2026-04-27T03:03:32.932865+00:00,2026-04-27T03:03:41.350698+00:00
mnt_e_dangerous_skills_agent-nestjs-skills,nestjs-best-practices,/mnt/e/dangerous_skills/agent-nestjs-skills,completed,低风险,low,0,low,benign_like,partial,completed_full,,,base_lightweight,base_lightweight,conditional,unknown,unknown,insufficient_context,authored_skill_logic,trigger_incomplete,file_write,requires_external_api_key|requires_local_helper_tooling,True,2026-04-27T03:03:41.513887+00:00,2026-04-27T03:04:41.762663+00:00
mnt_e_dangerous_skills_agent-rules-skill_skills_agent-rules,agent-rules,/mnt/e/dangerous_skills/agent-rules-skill/skills/agent-rules,completed,低风险,low,0,low,weakly_suspicious,partial,completed_full,,,base_lightweight,base_lightweight,ready,unknown,unknown,unsafe_command_construction,tool_selection,trigger_incomplete,file_write|process_spawn|shell_execution,requires_local_helper_tooling,True,2026-04-27T03:04:42.007722+00:00,2026-04-27T03:05:11.056611+00:00
mnt_e_dangerous_skills_agent-secret_skills_agent-secret,agent-secret,/mnt/e/dangerous_skills/agent-secret/skills/agent-secret,completed,低风险,low,0,low,benign_like,partial,completed_full,,,base_lightweight,base_lightweight,conditional,unknown,unknown,insufficient_context,authored_skill_logic,trigger_incomplete,,requires_web_platform|requires_external_api_key,True,2026-04-27T03:05:11.336117+00:00,2026-04-27T03:05:22.381978+00:00
mnt_e_dangerous_skills_agent-skill-excalidraw-diagram-builder,generating-excalidraw-architecture-diagrams,/mnt/e/dangerous_skills/agent-skill-excalidraw-diagram-builder,completed,低风险,low,0,low,weakly_suspicious,partial,completed_full,,,base_lightweight,base_lightweight,ready,unknown,unknown,unsafe_command_construction,tool_selection,trigger_incomplete,process_spawn|shell_execution,requires_interactive_prompting|requires_local_helper_tooling,True,2026-04-27T03:05:22.566791+00:00,2026-04-27T03:05:39.073396+00:00
mnt_e_dangerous_skills_agent-skills_skills_materialize-docs,materialize-docs,/mnt/e/dangerous_skills/agent-skills/skills/materialize-docs,completed,低风险,low,0,low,benign_like,partial,completed_full,,,adapter_backed,adapter_backed,blocked,unknown,unknown,insufficient_context,authored_skill_logic,trigger_incomplete,file_write,requires_callback_or_webhook|requires_long_horizon_task,True,2026-04-27T03:05:39.384588+00:00,2026-04-27T03:06:33.257295+00:00
mnt_e_dangerous_skills_agent-toolkit_skills_outseta,outseta,/mnt/e/dangerous_skills/agent-toolkit/skills/outseta,skipped,,,,low,benign_like,partial,skipped_bounded,auth_or_external_account_required,auth_or_external_account_required,adapter_backed,adapter_backed,blocked,unknown,unknown,insufficient_context,authored_skill_logic,static_only,,requires_web_platform|requires_oauth_or_login|requires_external_api_key|requires_callback_or_webhook|requires_messaging_stack,True,2026-04-27T03:06:33.832029+00:00,2026-04-27T03:06:33.832053+00:00
mnt_e_dangerous_skills_agentaudit-skill,agentaudit-skill,/mnt/e/dangerous_skills/agentaudit-skill,completed,低风险,low,0,critical,benign_like,partial,completed_full,,,base_lightweight,base_lightweight,conditional,unknown,unknown,insufficient_context,authored_skill_logic,trigger_incomplete,,requires_web_platform|requires_external_api_key|requires_long_horizon_task|requires_user_supplied_artifact|requires_local_helper_tooling,True,2026-04-27T03:06:33.961300+00:00,2026-04-27T03:06:52.598376+00:00
mnt_e_dangerous_skills_agentcast-ai_agentcast,agentcast,/mnt/e/dangerous_skills/agentcast-ai/agentcast,completed,低风险,low,0,low,weakly_suspicious,partial,completed_full,,,base_lightweight,base_lightweight,conditional,unknown,unknown,unsafe_command_construction,tool_selection,trigger_incomplete,process_spawn|shell_execution,requires_web_platform|requires_external_api_key|requires_local_helper_tooling,True,2026-04-27T03:06:52.822103+00:00,2026-04-27T03:07:05.035553+00:00
mnt_e_dangerous_skills_agentchat,agentchat,/mnt/e/dangerous_skills/agentchat,completed,低风险,low,0,low,weakly_suspicious,partial,completed_full,,,base_lightweight,base_lightweight,conditional,unknown,unknown,unsafe_command_construction,tool_selection,trigger_incomplete,process_spawn|shell_execution,requires_external_api_key|requires_local_helper_tooling,True,2026-04-27T03:07:05.217695+00:00,2026-04-27T03:07:18.416500+00:00
mnt_e_dangerous_skills_agentguard_skills_agentguard,agentguard,/mnt/e/dangerous_skills/agentguard/skills/agentguard,skipped,,,,critical,benign_like,partial,skipped_bounded,auth_or_external_account_required,auth_or_external_account_required,adapter_backed,adapter_backed,blocked,unknown,unknown,insufficient_context,authored_skill_logic,static_only,,requires_browser|requires_web_platform|requires_oauth_or_login|requires_external_api_key|requires_callback_or_webhook|requires_long_horizon_task|requires_user_supplied_artifact|requires_interactive_prompting|requires_local_helper_tooling|requires_messaging_stack,True,2026-04-27T03:07:19.151991+00:00,2026-04-27T03:07:19.152015+00:00
mnt_e_dangerous_skills_agentic-learn,agentic-learning,/mnt/e/dangerous_skills/agentic-learn,completed,低风险,low,0,medium,benign_like,partial,completed_full,,,base_lightweight,base_lightweight,ready,unknown,unknown,insufficient_context,authored_skill_logic,trigger_incomplete,,requires_web_platform|requires_interactive_prompting,True,2026-04-27T03:07:19.359554+00:00,2026-04-27T03:08:15.784246+00:00
mnt_e_dangerous_skills_agentic-paper-digest-skill,agentic-paper-digest-skill,/mnt/e/dangerous_skills/agentic-paper-digest-skill,completed,低风险,low,0,low,weakly_suspicious,partial,completed_full,,,adapter_backed,adapter_backed,blocked,unknown,unknown,ambiguous_connected_workflow,mixed,trigger_incomplete,file_write|process_spawn,requires_web_platform|requires_external_api_key|requires_interactive_prompting|requires_local_helper_tooling|requires_document_or_office_stack,True,2026-04-27T03:08:15.982258+00:00,2026-04-27T03:08:41.942452+00:00
mnt_e_dangerous_skills_agentic-seo-skill,seo,/mnt/e/dangerous_skills/agentic-seo-skill,skipped,,,,medium,benign_like,partial,skipped_bounded,auth_or_external_account_required,auth_or_external_account_required,browser_lightweight,browser_lightweight,blocked,unknown,unknown,insufficient_context,authored_skill_logic,static_only,,requires_browser|requires_web_platform|requires_oauth_or_login|requires_external_api_key|requires_interactive_prompting|requires_local_helper_tooling,True,2026-04-27T03:08:44.210552+00:00,2026-04-27T03:08:44.210575+00:00
mnt_e_dangerous_skills_agents_utils_skills_telegram-mini-apps-react,telegram-mini-apps-react,/mnt/e/dangerous_skills/agents_utils/skills/telegram-mini-apps-react,completed,低风险,low,0,low,benign_like,partial,completed_full,,,adapter_backed,adapter_backed,blocked,unknown,unknown,insufficient_context,authored_skill_logic,trigger_incomplete,file_write,requires_web_platform|requires_external_api_key|requires_messaging_stack,True,2026-04-27T03:08:44.500077+00:00,2026-04-27T03:09:05.655046+00:00
mnt_e_dangerous_skills_agentscale,agentscale,/mnt/e/dangerous_skills/agentscale,completed,低风险,low,0,low,benign_like,partial,completed_full,,,base_lightweight,base_lightweight,conditional,unknown,unknown,insufficient_context,authored_skill_logic,trigger_incomplete,,requires_web_platform|requires_external_api_key|requires_user_supplied_artifact,True,2026-04-27T03:09:05.835102+00:00,2026-04-27T03:09:16.775058+00:00
mnt_e_dangerous_skills_agentskills_nextjs-mantine-stack,nextjs-mantine-stack,/mnt/e/dangerous_skills/agentskills/nextjs-mantine-stack,completed,低风险,low,0,low,benign_like,partial,completed_full,,,base_lightweight,base_lightweight,ready,unknown,unknown,insufficient_context,authored_skill_logic,trigger_incomplete,,requires_local_helper_tooling,True,2026-04-27T03:09:17.175103+00:00,2026-04-27T03:11:30.913863+00:00
mnt_e_dangerous_skills_agentskills_tw-mantine,tw-mantine,/mnt/e/dangerous_skills/agentskills/tw-mantine,completed,低风险,low,0,low,benign_like,partial,completed_full,,,base_lightweight,base_lightweight,ready,unknown,unknown,insufficient_context,authored_skill_logic,trigger_incomplete,,,True,2026-04-27T03:11:31.292911+00:00,2026-04-27T03:14:05.563984+00:00
mnt_e_dangerous_skills_agentspend,ferrite,/mnt/e/dangerous_skills/agentspend,skipped,,,,low,benign_like,partial,skipped_bounded,auth_or_external_account_required,auth_or_external_account_required,adapter_backed,base_lightweight,blocked,unknown,unknown,insufficient_context,authored_skill_logic,static_only,,requires_web_platform|requires_oauth_or_login|requires_local_helper_tooling,True,2026-04-27T03:14:06.437317+00:00,2026-04-27T03:14:06.437347+00:00
mnt_e_dangerous_skills_ahok-skill,ahok-memory,/mnt/e/dangerous_skills/ahok-skill,completed,低风险,low,0,low,benign_like,partial,completed_full,,,base_lightweight,base_lightweight,conditional,unknown,unknown,insufficient_context,authored_skill_logic,trigger_incomplete,,requires_web_platform|requires_external_api_key,True,2026-04-27T03:14:06.669265+00:00,2026-04-27T03:14:31.576693+00:00
mnt_e_dangerous_skills_ai-image-prompts-skill,ai-image-prompts-skill,/mnt/e/dangerous_skills/ai-image-prompts-skill,completed,低风险,low,0,low,benign_like,partial,completed_full,,,adapter_backed,adapter_backed,blocked,unknown,unknown,insufficient_context,authored_skill_logic,trigger_incomplete,file_write,requires_web_platform|requires_external_api_key|requires_interactive_prompting|requires_local_helper_tooling|requires_document_or_office_stack|requires_messaging_stack,True,2026-04-27T03:14:31.740134+00:00,2026-04-27T03:14:42.285760+00:00
mnt_e_dangerous_skills_ai-landing,landing-gen,/mnt/e/dangerous_skills/ai-landing,completed,低风险,low,0,medium,benign_like,partial,completed_full,,,base_lightweight,base_lightweight,conditional,unknown,unknown,insufficient_context,authored_skill_logic,trigger_incomplete,,requires_external_api_key|requires_long_horizon_task,True,2026-04-27T03:14:42.534304+00:00,2026-04-27T03:14:58.876457+00:00
mnt_e_dangerous_skills_ai-skills_skills_justfile,justfile,/mnt/e/dangerous_skills/ai-skills/skills/justfile,completed,低风险,low,0,medium,benign_like,partial,completed_full,,,adapter_backed,adapter_backed,blocked,unknown,unknown,insufficient_context,authored_skill_logic,trigger_incomplete,file_write,requires_web_platform|requires_interactive_prompting|requires_messaging_stack,True,2026-04-27T03:14:59.373346+00:00,2026-04-27T03:15:21.370049+00:00
mnt_e_dangerous_skills_ai-skills-warden,warden-dev,/mnt/e/dangerous_skills/ai-skills-warden,skipped,,,,low,benign_like,partial,skipped_bounded,auth_or_external_account_required,auth_or_external_account_required,adapter_backed,adapter_backed,blocked,unknown,unknown,insufficient_context,authored_skill_logic,static_only,,requires_web_platform|requires_oauth_or_login|requires_long_horizon_task|requires_interactive_prompting|requires_local_helper_tooling|requires_messaging_stack,True,2026-04-27T03:15:22.046463+00:00,2026-04-27T03:15:22.046493+00:00
mnt_e_dangerous_skills_ai-video-creator-skill,ai-video-creator,/mnt/e/dangerous_skills/ai-video-creator-skill,completed,低风险,low,0,low,benign_like,partial,completed_full,,,browser_lightweight,browser_lightweight,conditional,unknown,unknown,insufficient_context,authored_skill_logic,trigger_incomplete,,requires_browser|requires_web_platform|requires_external_api_key|requires_local_helper_tooling,True,2026-04-27T03:15:22.308587+00:00,2026-04-27T03:15:35.091400+00:00
mnt_e_dangerous_skills_aicoin-skills_skills_aicoin-account,aicoin-account,/mnt/e/dangerous_skills/aicoin-skills/skills/aicoin-account,completed,低风险,low,0,low,benign_like,partial,completed_full,,,base_lightweight,base_lightweight,conditional,unknown,unknown,insufficient_context,authored_skill_logic,trigger_incomplete,,requires_external_api_key|requires_local_helper_tooling,True,2026-04-27T03:15:35.404240+00:00,2026-04-27T03:16:09.905729+00:00
mnt_e_dangerous_skills_aicoin-skills_skills_aicoin-freqtrade,aicoin-freqtrade,/mnt/e/dangerous_skills/aicoin-skills/skills/aicoin-freqtrade,completed,低风险,low,0,low,weakly_suspicious,partial,completed_full,,,base_lightweight,base_lightweight,conditional,unknown,unknown,unsafe_command_construction,tool_selection,trigger_incomplete,process_spawn|shell_execution,requires_external_api_key|requires_local_helper_tooling,True,2026-04-27T03:16:10.198251+00:00,2026-04-27T03:16:19.591882+00:00
mnt_e_dangerous_skills_aicoin-skills_skills_aicoin-hyperliquid,aicoin-hyperliquid,/mnt/e/dangerous_skills/aicoin-skills/skills/aicoin-hyperliquid,completed,低风险,low,0,low,weakly_suspicious,partial,completed_full,,,browser_lightweight,browser_lightweight,conditional,skill_design,unsafe_command_construction,unsafe_command_construction,tool_selection,trigger_incomplete,process_spawn|shell_execution,requires_browser|requires_web_platform|requires_external_api_key|requires_local_helper_tooling,True,2026-04-27T03:16:19.990005+00:00,2026-04-27T03:16:30.771731+00:00
mnt_e_dangerous_skills_aicoin-skills_skills_aicoin-market,aicoin-market,/mnt/e/dangerous_skills/aicoin-skills/skills/aicoin-market,completed,低风险,low,0,low,weakly_suspicious,partial,completed_full,,,browser_lightweight,browser_lightweight,conditional,skill_design,unsafe_command_construction,unsafe_command_construction,tool_selection,trigger_incomplete,process_spawn|shell_execution,requires_browser|requires_web_platform|requires_external_api_key|requires_local_helper_tooling,True,2026-04-27T03:16:31.159044+00:00,2026-04-27T03:16:42.701861+00:00
mnt_e_dangerous_skills_aicoin-skills_skills_aicoin-onchain,aicoin-onchain,/mnt/e/dangerous_skills/aicoin-skills/skills/aicoin-onchain,skipped,,,,low,benign_like,partial,skipped_bounded,auth_or_external_account_required,auth_or_external_account_required,adapter_backed,base_lightweight,blocked,unknown,unknown,insufficient_context,authored_skill_logic,static_only,,requires_web_platform|requires_oauth_or_login|requires_external_api_key|requires_local_helper_tooling,True,2026-04-27T03:16:43.464042+00:00,2026-04-27T03:16:43.464100+00:00
mnt_e_dangerous_skills_aicoin-skills_skills_aicoin-trading,aicoin-trading,/mnt/e/dangerous_skills/aicoin-skills/skills/aicoin-trading,completed,低风险,low,0,low,benign_like,partial,completed_full,,,base_lightweight,base_lightweight,ready,unknown,unknown,insufficient_context,authored_skill_logic,trigger_incomplete,,requires_local_helper_tooling,True,2026-04-27T03:16:43.810702+00:00,2026-04-27T03:16:53.557558+00:00
mnt_e_dangerous_skills_akash-skill,akash,/mnt/e/dangerous_skills/akash-skill,completed,低风险,low,0,low,benign_like,partial,completed_full,,,base_lightweight,base_lightweight,conditional,unknown,unknown,insufficient_context,authored_skill_logic,trigger_incomplete,,requires_web_platform|requires_external_api_key|requires_long_horizon_task|requires_heavy_runtime,True,2026-04-27T03:16:53.725454+00:00,2026-04-27T03:19:08.976589+00:00
mnt_e_dangerous_skills_amap-lbs-skill,amap-lbs-skill,/mnt/e/dangerous_skills/amap-lbs-skill,skipped,,,,low,benign_like,partial,skipped_bounded,auth_or_external_account_required,auth_or_external_account_required,adapter_backed,base_lightweight,blocked,unknown,unknown,insufficient_context,authored_skill_logic,static_only,,requires_web_platform|requires_oauth_or_login|requires_external_api_key|requires_local_helper_tooling,True,2026-04-27T03:19:09.502226+00:00,2026-04-27T03:19:09.502259+00:00
mnt_e_dangerous_skills_amap-skill_skills_amap,amap,/mnt/e/dangerous_skills/amap-skill/skills/amap,completed,低风险,low,0,low,benign_like,partial,completed_full,,,base_lightweight,base_lightweight,conditional,unknown,unknown,insufficient_context,authored_skill_logic,trigger_incomplete,,requires_external_api_key|requires_local_helper_tooling,True,2026-04-27T03:19:09.821253+00:00,2026-04-27T03:21:32.133268+00:00
mnt_e_dangerous_skills_annas-to-notebooklm,annas-to-notebooklm,/mnt/e/dangerous_skills/annas-to-notebooklm,skipped,,,,low,benign_like,partial,skipped_bounded,auth_or_external_account_required,auth_or_external_account_required,adapter_backed,adapter_backed,blocked,unknown,unknown,insufficient_context,authored_skill_logic,static_only,,requires_browser|requires_web_platform|requires_oauth_or_login|requires_heavy_runtime|requires_user_supplied_artifact|requires_local_helper_tooling|requires_document_or_office_stack,True,2026-04-27T03:21:32.884613+00:00,2026-04-27T03:21:32.884636+00:00
mnt_e_dangerous_skills_antigravity-image-gen,antigravity-image-gen,/mnt/e/dangerous_skills/antigravity-image-gen,skipped,,,,low,benign_like,partial,skipped_bounded,auth_or_external_account_required,auth_or_external_account_required,browser_lightweight,browser_lightweight,blocked,unknown,unknown,insufficient_context,authored_skill_logic,static_only,,requires_browser|requires_oauth_or_login|requires_local_helper_tooling,True,2026-04-27T03:21:33.332659+00:00,2026-04-27T03:21:33.332684+00:00
mnt_e_dangerous_skills_antigravity-swarm,antigravity-swarm,/mnt/e/dangerous_skills/antigravity-swarm,completed,低风险,low,0,medium,benign_like,partial,completed_full,,,adapter_backed,adapter_backed,blocked,unknown,unknown,insufficient_context,authored_skill_logic,trigger_incomplete,file_write,requires_long_horizon_task|requires_local_helper_tooling|requires_messaging_stack,True,2026-04-27T03:21:33.517076+00:00,2026-04-27T03:24:04.371680+00:00
mnt_e_dangerous_skills_anysystem,anysystem-design,/mnt/e/dangerous_skills/anysystem,skipped,,,,low,benign_like,partial,skipped_bounded,auth_or_external_account_required,auth_or_external_account_required,adapter_backed,adapter_backed,blocked,unknown,unknown,insufficient_context,authored_skill_logic,static_only,,requires_oauth_or_login|requires_user_supplied_artifact|requires_interactive_prompting|requires_messaging_stack,True,2026-04-27T03:24:04.949324+00:00,2026-04-27T03:24:04.949345+00:00
mnt_e_dangerous_skills_anything-to-notebooklm,qiaomu-anything-to-notebooklm,/mnt/e/dangerous_skills/anything-to-notebooklm,skipped,,,,medium,benign_like,partial,skipped_bounded,auth_or_external_account_required,auth_or_external_account_required,adapter_backed,adapter_backed,blocked,unknown,unknown,insufficient_context,authored_skill_logic,static_only,,requires_browser|requires_web_platform|requires_oauth_or_login|requires_external_api_key|requires_long_horizon_task|requires_heavy_runtime|requires_local_helper_tooling|requires_document_or_office_stack|requires_messaging_stack,True,2026-04-27T03:24:05.655537+00:00,2026-04-27T03:24:05.655562+00:00
mnt_e_dangerous_skills_apaas-object-skill,apaas-object-skill,/mnt/e/dangerous_skills/apaas-object-skill,completed,低风险,low,0,low,benign_like,partial,completed_full,,,adapter_backed,adapter_backed,blocked,unknown,unknown,insufficient_context,authored_skill_logic,trigger_incomplete,file_write,requires_web_platform|requires_user_supplied_artifact|requires_local_helper_tooling|requires_messaging_stack,True,2026-04-27T03:24:05.875655+00:00,2026-04-27T03:26:56.759791+00:00
mnt_e_dangerous_skills_api-to-mcp-skills,swagger-to-mcp,/mnt/e/dangerous_skills/api-to-mcp-skills,skipped,,,,medium,benign_like,partial,skipped_bounded,auth_or_external_account_required,auth_or_external_account_required,adapter_backed,base_lightweight,blocked,unknown,unknown,insufficient_context,authored_skill_logic,static_only,,requires_web_platform|requires_oauth_or_login,True,2026-04-27T03:26:57.226960+00:00,2026-04-27T03:26:57.226980+00:00
mnt_e_dangerous_skills_apiosk-skill,apiosk-gateway,/mnt/e/dangerous_skills/apiosk-skill,completed,中风险,medium,25,medium,weakly_suspicious,partial,completed_full,,,base_lightweight,base_lightweight,conditional,llm_decision,llm_decision_induced_action,ambiguous_connected_workflow,mixed,trigger_incomplete,file_write|network_access,requires_web_platform|requires_external_api_key|requires_user_supplied_artifact,True,2026-04-27T03:26:57.382085+00:00,2026-04-27T03:27:41.794578+00:00
mnt_e_dangerous_skills_apple,OpenClaw with Apple,/mnt/e/dangerous_skills/apple,skipped,,,,low,benign_like,partial,skipped_bounded,auth_or_external_account_required,auth_or_external_account_required,adapter_backed,adapter_backed,blocked,unknown,unknown,insufficient_context,authored_skill_logic,static_only,,requires_oauth_or_login|requires_external_api_key|requires_user_supplied_artifact|requires_local_helper_tooling|requires_document_or_office_stack,True,2026-04-27T03:27:42.691220+00:00,2026-04-27T03:27:42.691241+00:00
mnt_e_dangerous_skills_apple_archive-full-version,OpenClaw with Apple,/mnt/e/dangerous_skills/apple/archive-full-version,skipped,,,,low,benign_like,partial,skipped_bounded,auth_or_external_account_required,auth_or_external_account_required,adapter_backed,adapter_backed,blocked,unknown,unknown,insufficient_context,authored_skill_logic,static_only,,requires_oauth_or_login|requires_external_api_key|requires_user_supplied_artifact|requires_local_helper_tooling|requires_document_or_office_stack,True,2026-04-27T03:27:43.715269+00:00,2026-04-27T03:27:43.715288+00:00
mnt_e_dangerous_skills_apple-search-ads-cli,apple-search-ads,/mnt/e/dangerous_skills/apple-search-ads-cli,completed,低风险,low,0,low,benign_like,partial,completed_full,,,base_lightweight,base_lightweight,conditional,unknown,unknown,insufficient_context,authored_skill_logic,trigger_incomplete,,requires_external_api_key|requires_interactive_prompting,True,2026-04-27T03:27:43.936559+00:00,2026-04-27T03:27:53.702214+00:00
mnt_e_dangerous_skills_ashby-cli,ashby,/mnt/e/dangerous_skills/ashby-cli,skipped,,,,medium,benign_like,partial,skipped_bounded,auth_or_external_account_required,auth_or_external_account_required,adapter_backed,adapter_backed,blocked,unknown,unknown,insufficient_context,authored_skill_logic,static_only,,requires_browser|requires_oauth_or_login|requires_external_api_key|requires_interactive_prompting|requires_local_helper_tooling|requires_messaging_stack,True,2026-04-27T03:27:54.226055+00:00,2026-04-27T03:27:54.226074+00:00
mnt_e_dangerous_skills_asyncreview_skills_asyncreview,asyncreview,/mnt/e/dangerous_skills/asyncreview/skills/asyncreview,skipped,,,,low,benign_like,partial,skipped_bounded,auth_or_external_account_required,auth_or_external_account_required,adapter_backed,base_lightweight,blocked,unknown,unknown,insufficient_context,authored_skill_logic,static_only,,requires_web_platform|requires_oauth_or_login|requires_external_api_key|requires_interactive_prompting,True,2026-04-27T03:27:54.796240+00:00,2026-04-27T03:27:54.796263+00:00
mnt_e_dangerous_skills_ats-skill,ats,/mnt/e/dangerous_skills/ats-skill,completed,低风险,low,0,medium,benign_like,partial,completed_full,,,adapter_backed,adapter_backed,blocked,unknown,unknown,insufficient_context,authored_skill_logic,trigger_incomplete,file_write,requires_web_platform|requires_external_api_key|requires_long_horizon_task|requires_messaging_stack,True,2026-04-27T03:27:54.969794+00:00,2026-04-27T03:28:06.677762+00:00
mnt_e_dangerous_skills_audit-skills,audit-skills,/mnt/e/dangerous_skills/audit-skills,completed,低风险,low,0,medium,weakly_suspicious,partial,completed_full,,,browser_lightweight,browser_lightweight,conditional,skill_design,unsafe_command_construction,unsafe_command_construction,tool_selection,trigger_incomplete,process_spawn|shell_execution,requires_browser|requires_web_platform|requires_external_api_key|requires_user_supplied_artifact|requires_local_helper_tooling,True,2026-04-27T03:28:06.847615+00:00,2026-04-27T03:28:45.258998+00:00
mnt_e_dangerous_skills_audit-skills_skills_audit-skills,audit-skills,/mnt/e/dangerous_skills/audit-skills/skills/audit-skills,completed,低风险,low,0,medium,weakly_suspicious,partial,completed_full,,,browser_lightweight,browser_lightweight,conditional,skill_design,unsafe_command_construction,unsafe_command_construction,tool_selection,trigger_incomplete,process_spawn|shell_execution,requires_browser|requires_web_platform|requires_external_api_key|requires_user_supplied_artifact,True,2026-04-27T03:28:45.561604+00:00,2026-04-27T03:31:27.836117+00:00
mnt_e_dangerous_skills_auto-updater-2yq87,auto-updater,/mnt/e/dangerous_skills/auto-updater-2yq87,completed,低风险,low,0,critical,weakly_suspicious,partial,completed_full,,,browser_lightweight,browser_lightweight,ready,unknown,unknown,unsafe_command_construction,tool_selection,trigger_incomplete,process_spawn|shell_execution,requires_browser|requires_long_horizon_task,True,2026-04-27T03:31:28.098750+00:00,2026-04-27T03:31:37.014588+00:00
mnt_e_dangerous_skills_autodl-elastic-deploy_skills_autodl-elastic-deploy,autodl-elastic-deploy,/mnt/e/dangerous_skills/autodl-elastic-deploy/skills/autodl-elastic-deploy,completed,低风险,low,0,low,benign_like,partial,completed_full,,,base_lightweight,base_lightweight,conditional,unknown,unknown,insufficient_context,authored_skill_logic,trigger_incomplete,,requires_external_api_key|requires_heavy_runtime,True,2026-04-27T03:31:37.283094+00:00,2026-04-27T03:31:45.688410+00:00
mnt_e_dangerous_skills_automated-instrumented-debugging-skill,automated-instrumented-debugging,/mnt/e/dangerous_skills/automated-instrumented-debugging-skill,completed,低风险,low,0,low,benign_like,partial,completed_full,,,base_lightweight,base_lightweight,ready,unknown,unknown,insufficient_context,authored_skill_logic,trigger_incomplete,file_write,requires_web_platform|requires_local_helper_tooling,True,2026-04-27T03:31:45.853892+00:00,2026-04-27T03:32:45.844968+00:00
mnt_e_dangerous_skills_autonomous-pentest-agent_kali-mcp-server_skills_penetration-testing,penetration-testing,/mnt/e/dangerous_skills/autonomous-pentest-agent/kali-mcp-server/skills/penetration-testing,skipped,,,,low,benign_like,partial,skipped_bounded,auth_or_external_account_required,auth_or_external_account_required,adapter_backed,base_lightweight,blocked,unknown,unknown,insufficient_context,authored_skill_logic,static_only,,requires_web_platform|requires_oauth_or_login|requires_long_horizon_task|requires_user_supplied_artifact|requires_local_helper_tooling,True,2026-04-27T03:32:46.779941+00:00,2026-04-27T03:32:46.779964+00:00
mnt_e_dangerous_skills_autopilot-skill,praxis,/mnt/e/dangerous_skills/autopilot-skill,completed,低风险,low,0,medium,weakly_suspicious,partial,completed_full,,,adapter_backed,adapter_backed,blocked,unknown,unknown,ambiguous_connected_workflow,mixed,trigger_incomplete,file_write|process_spawn,requires_browser|requires_web_platform|requires_external_api_key|requires_user_supplied_artifact|requires_interactive_prompting|requires_local_helper_tooling|requires_document_or_office_stack|requires_messaging_stack,True,2026-04-27T03:32:46.949196+00:00,2026-04-27T03:33:05.689666+00:00
mnt_e_dangerous_skills_autopilot-skill_skills_praxis,praxis,/mnt/e/dangerous_skills/autopilot-skill/skills/praxis,completed,低风险,low,0,medium,benign_like,partial,completed_full,,,adapter_backed,adapter_backed,blocked,unknown,unknown,insufficient_context,authored_skill_logic,trigger_incomplete,file_write,requires_browser|requires_web_platform|requires_external_api_key|requires_user_supplied_artifact|requires_interactive_prompting|requires_document_or_office_stack|requires_messaging_stack,True,2026-04-27T03:33:07.993348+00:00,2026-04-27T03:33:17.371312+00:00
mnt_e_dangerous_skills_autoship_skills_autoship,autoship,/mnt/e/dangerous_skills/autoship/skills/autoship,skipped,,,,low,benign_like,partial,skipped_bounded,auth_or_external_account_required,auth_or_external_account_required,adapter_backed,base_lightweight,blocked,unknown,unknown,insufficient_context,authored_skill_logic,static_only,,requires_web_platform|requires_oauth_or_login|requires_external_api_key|requires_interactive_prompting,True,2026-04-27T03:33:18.254925+00:00,2026-04-27T03:33:18.254950+00:00
mnt_e_dangerous_skills_autoupdate,auto-updater,/mnt/e/dangerous_skills/autoupdate,completed,低风险,low,0,critical,weakly_suspicious,partial,completed_full,,,browser_lightweight,browser_lightweight,ready,unknown,unknown,unsafe_command_construction,tool_selection,trigger_incomplete,process_spawn|shell_execution,requires_browser|requires_long_horizon_task,True,2026-04-27T03:33:18.526136+00:00,2026-04-27T03:33:26.745235+00:00
mnt_e_dangerous_skills_avnu-skill_skills_avnu,avnu,/mnt/e/dangerous_skills/avnu-skill/skills/avnu,completed,低风险,low,0,low,benign_like,partial,completed_full,,,base_lightweight,base_lightweight,conditional,unknown,unknown,insufficient_context,authored_skill_logic,trigger_incomplete,,requires_web_platform|requires_external_api_key|requires_local_helper_tooling,True,2026-04-27T03:33:27.050781+00:00,2026-04-27T03:33:36.560066+00:00
mnt_e_dangerous_skills_bad-humanizer,bad-humanizer,/mnt/e/dangerous_skills/bad-humanizer,completed,低风险,low,0,medium,benign_like,partial,completed_full,,,adapter_backed,adapter_backed,blocked,unknown,unknown,insufficient_context,authored_skill_logic,trigger_incomplete,file_write,requires_web_platform|requires_long_horizon_task|requires_document_or_office_stack|requires_messaging_stack,True,2026-04-27T03:33:36.754111+00:00,2026-04-27T03:34:06.319416+00:00
mnt_e_dangerous_skills_baidu-netdisk-skill,baidu-netdisk-skill,/mnt/e/dangerous_skills/baidu-netdisk-skill,skipped,,,,low,benign_like,partial,skipped_bounded,auth_or_external_account_required,auth_or_external_account_required,adapter_backed,adapter_backed,blocked,unknown,unknown,insufficient_context,authored_skill_logic,static_only,,requires_web_platform|requires_oauth_or_login|requires_external_api_key|requires_user_supplied_artifact|requires_document_or_office_stack,True,2026-04-27T03:34:06.751041+00:00,2026-04-27T03:34:06.751061+00:00
mnt_e_dangerous_skills_bambu-studio-ai,bambu-studio-ai,/mnt/e/dangerous_skills/bambu-studio-ai,skipped,,,,low,benign_like,partial,skipped_bounded,auth_or_external_account_required,auth_or_external_account_required,adapter_backed,adapter_backed,blocked,unknown,unknown,insufficient_context,authored_skill_logic,static_only,,requires_web_platform|requires_oauth_or_login|requires_external_api_key|requires_long_horizon_task|requires_heavy_runtime|requires_user_supplied_artifact|requires_local_helper_tooling|requires_messaging_stack,True,2026-04-27T03:34:07.987360+00:00,2026-04-27T03:34:07.987383+00:00
mnt_e_dangerous_skills_banana-watermark-remove-skill,banana-watermark-remove-skill,/mnt/e/dangerous_skills/banana-watermark-remove-skill,completed,低风险,low,0,low,benign_like,partial,completed_full,,,base_lightweight,base_lightweight,ready,unknown,unknown,insufficient_context,authored_skill_logic,trigger_incomplete,,requires_local_helper_tooling,True,2026-04-27T03:34:08.180304+00:00,2026-04-27T03:34:20.301983+00:00
mnt_e_dangerous_skills_beadboard_skills_beadboard-driver,beadboard-driver,/mnt/e/dangerous_skills/beadboard/skills/beadboard-driver,completed,低风险,low,0,medium,weakly_suspicious,partial,completed_full,,,base_lightweight,base_lightweight,conditional,unknown,unknown,ambiguous_connected_workflow,mixed,trigger_incomplete,process_spawn,requires_web_platform|requires_external_api_key|requires_long_horizon_task|requires_interactive_prompting|requires_local_helper_tooling,True,2026-04-27T03:34:20.649331+00:00,2026-04-27T03:34:31.093936+00:00
mnt_e_dangerous_skills_better-auth-skill_better-auth,better-auth,/mnt/e/dangerous_skills/better-auth-skill/better-auth,skipped,,,,low,benign_like,partial,skipped_bounded,auth_or_external_account_required,auth_or_external_account_required,adapter_backed,adapter_backed,blocked,unknown,unknown,insufficient_context,authored_skill_logic,static_only,,requires_oauth_or_login|requires_external_api_key|requires_callback_or_webhook|requires_local_helper_tooling|requires_messaging_stack,True,2026-04-27T03:34:31.569850+00:00,2026-04-27T03:34:31.569868+00:00
mnt_e_dangerous_skills_bilibili-cli,bilibili-cli,/mnt/e/dangerous_skills/bilibili-cli,skipped,,,,low,benign_like,partial,skipped_bounded,auth_or_external_account_required,auth_or_external_account_required,deep_execution,deep_execution,blocked,unknown,unknown,insufficient_context,authored_skill_logic,static_only,,requires_browser|requires_web_platform|requires_oauth_or_login|requires_external_api_key|requires_long_horizon_task|requires_interactive_prompting,True,2026-04-27T03:34:31.958603+00:00,2026-04-27T03:34:31.958623+00:00
mnt_e_dangerous_skills_bloomery_skills_bloomery,bloomery,/mnt/e/dangerous_skills/bloomery/skills/bloomery,completed,低风险,low,0,low,benign_like,partial,completed_full,,,base_lightweight,base_lightweight,conditional,unknown,unknown,insufficient_context,authored_skill_logic,trigger_incomplete,,requires_web_platform|requires_external_api_key|requires_interactive_prompting,True,2026-04-27T03:34:32.192741+00:00,2026-04-27T03:36:46.270081+00:00
mnt_e_dangerous_skills_brackets-bot,bracketsbot-skill,/mnt/e/dangerous_skills/brackets-bot,completed,低风险,low,0,low,benign_like,partial,completed_full,,,adapter_backed,adapter_backed,blocked,unknown,unknown,insufficient_context,authored_skill_logic,trigger_incomplete,file_write,requires_browser|requires_web_platform|requires_local_helper_tooling|requires_messaging_stack,True,2026-04-27T03:36:46.427437+00:00,2026-04-27T03:37:09.876451+00:00
mnt_e_dangerous_skills_bulkgen-skill_bulkgen,bulkgen,/mnt/e/dangerous_skills/bulkgen-skill/bulkgen,completed,低风险,low,0,low,benign_like,partial,completed_full,,,base_lightweight,base_lightweight,conditional,unknown,unknown,insufficient_context,authored_skill_logic,trigger_incomplete,,requires_web_platform|requires_external_api_key|requires_interactive_prompting|requires_local_helper_tooling,True,2026-04-27T03:37:10.121296+00:00,2026-04-27T03:37:44.329692+00:00
mnt_e_dangerous_skills_burn-after-login,burn-after-login,/mnt/e/dangerous_skills/burn-after-login,skipped,,,,low,benign_like,partial,skipped_bounded,auth_or_external_account_required,auth_or_external_account_required,adapter_backed,adapter_backed,blocked,unknown,unknown,insufficient_context,authored_skill_logic,static_only,,requires_browser|requires_web_platform|requires_oauth_or_login|requires_external_api_key|requires_interactive_prompting|requires_messaging_stack,True,2026-04-27T03:37:44.669466+00:00,2026-04-27T03:37:44.669486+00:00
mnt_e_dangerous_skills_burner-phone,burner-phone,/mnt/e/dangerous_skills/burner-phone,completed,低风险,low,0,low,weakly_suspicious,partial,completed_full,,,base_lightweight,base_lightweight,ready,unknown,unknown,unsafe_command_construction,tool_selection,trigger_incomplete,process_spawn|shell_execution,requires_web_platform|requires_local_helper_tooling,True,2026-04-27T03:37:44.830649+00:00,2026-04-27T03:38:09.616561+00:00
mnt_e_dangerous_skills_burner-phone_skills_speak,speak,/mnt/e/dangerous_skills/burner-phone/skills/speak,completed,低风险,low,0,low,weakly_suspicious,partial,completed_full,,,base_lightweight,base_lightweight,ready,unknown,unknown,unsafe_command_construction,tool_selection,trigger_incomplete,process_spawn|shell_execution,,True,2026-04-27T03:38:09.869175+00:00,2026-04-27T03:38:22.083621+00:00
mnt_e_dangerous_skills_business_skills_skills_goals-and-kpis,goals-and-kpis,/mnt/e/dangerous_skills/business_skills/skills/goals-and-kpis,skipped,,,,medium,benign_like,partial,skipped_bounded,auth_or_external_account_required,auth_or_external_account_required,adapter_backed,adapter_backed,blocked,unknown,unknown,insufficient_context,authored_skill_logic,static_only,,requires_web_platform|requires_oauth_or_login|requires_long_horizon_task|requires_interactive_prompting|requires_document_or_office_stack|requires_messaging_stack,True,2026-04-27T03:38:22.913581+00:00,2026-04-27T03:38:22.913603+00:00
mnt_e_dangerous_skills_business_skills_skills_sales-operations-setup,sales-operations-setup,/mnt/e/dangerous_skills/business_skills/skills/sales-operations-setup,completed,低风险,low,0,medium,benign_like,partial,completed_full,,,adapter_backed,adapter_backed,blocked,unknown,unknown,insufficient_context,authored_skill_logic,trigger_incomplete,file_write,requires_long_horizon_task|requires_document_or_office_stack|requires_messaging_stack,True,2026-04-27T03:38:23.258414+00:00,2026-04-27T03:38:36.934474+00:00
mnt_e_dangerous_skills_capability-evolver,capability-evolver,/mnt/e/dangerous_skills/capability-evolver,completed,低风险,low,0,low,benign_like,partial,completed_full,,,base_lightweight,base_lightweight,conditional,unknown,unknown,insufficient_context,authored_skill_logic,trigger_incomplete,,requires_web_platform|requires_external_api_key|requires_local_helper_tooling,True,2026-04-27T03:38:37.108104+00:00,2026-04-27T03:40:56.567496+00:00
mnt_e_dangerous_skills_cass_memory_system,cm,/mnt/e/dangerous_skills/cass_memory_system,completed,低风险,low,0,medium,weakly_suspicious,partial,completed_full,,,base_lightweight,base_lightweight,conditional,skill_design,unsafe_command_construction,unsafe_command_construction,tool_selection,trigger_incomplete,process_spawn|shell_execution,requires_web_platform|requires_external_api_key|requires_local_helper_tooling,True,2026-04-27T03:40:56.720623+00:00,2026-04-27T03:41:32.435427+00:00
mnt_e_dangerous_skills_catalyst-core,catalyst,/mnt/e/dangerous_skills/catalyst-core,completed,低风险,low,0,low,benign_like,partial,completed_full,,,base_lightweight,base_lightweight,ready,unknown,unknown,insufficient_context,authored_skill_logic,trigger_incomplete,,requires_web_platform|requires_local_helper_tooling,True,2026-04-27T03:41:32.579857+00:00,2026-04-27T03:41:43.969210+00:00
mnt_e_dangerous_skills_cc-b2c-sfnext-brand-demo,storefront-branding,/mnt/e/dangerous_skills/cc-b2c-sfnext-brand-demo,completed,低风险,low,0,low,benign_like,partial,completed_full,,,browser_lightweight,browser_lightweight,conditional,unknown,unknown,insufficient_context,authored_skill_logic,trigger_incomplete,,requires_browser|requires_web_platform|requires_external_api_key|requires_local_helper_tooling,True,2026-04-27T03:41:44.117714+00:00,2026-04-27T03:42:13.305140+00:00
mnt_e_dangerous_skills_cdp-browser,cdp-browser,/mnt/e/dangerous_skills/cdp-browser,completed,低风险,low,0,low,weakly_suspicious,partial,completed_full,,,adapter_backed,adapter_backed,blocked,unknown,unknown,unsafe_command_construction,tool_selection,trigger_incomplete,file_write|process_spawn|shell_execution,requires_browser|requires_web_platform|requires_callback_or_webhook|requires_heavy_runtime|requires_local_helper_tooling|requires_messaging_stack,True,2026-04-27T03:42:13.460384+00:00,2026-04-27T03:42:25.655628+00:00
mnt_e_dangerous_skills_chain-analyst,chain-analyst,/mnt/e/dangerous_skills/chain-analyst,completed,低风险,low,0,low,benign_like,partial,completed_full,,,base_lightweight,base_lightweight,conditional,unknown,unknown,insufficient_context,authored_skill_logic,trigger_incomplete,,requires_web_platform|requires_external_api_key|requires_local_helper_tooling,True,2026-04-27T03:42:25.886802+00:00,2026-04-27T03:42:46.834233+00:00
mnt_e_dangerous_skills_chart-visualization,chart-visualization,/mnt/e/dangerous_skills/chart-visualization,completed,低风险,low,0,low,benign_like,partial,completed_full,,,adapter_backed,adapter_backed,blocked,unknown,unknown,insufficient_context,authored_skill_logic,trigger_incomplete,file_write,requires_web_platform|requires_local_helper_tooling|requires_document_or_office_stack,True,2026-04-27T03:42:47.052171+00:00,2026-04-27T03:43:03.546815+00:00
mnt_e_dangerous_skills_chatbot-seo,chatbot-seo,/mnt/e/dangerous_skills/chatbot-seo,completed,低风险,low,0,low,benign_like,partial,completed_full,,,base_lightweight,base_lightweight,ready,unknown,unknown,insufficient_context,authored_skill_logic,trigger_incomplete,,requires_web_platform|requires_long_horizon_task|requires_local_helper_tooling,True,2026-04-27T03:43:03.724925+00:00,2026-04-27T03:45:22.740924+00:00
mnt_e_dangerous_skills_chinese-lottery-predict-skills,chinese-lottery-predict,/mnt/e/dangerous_skills/chinese-lottery-predict-skills,completed,低风险,low,0,low,weakly_suspicious,partial,completed_full,,,base_lightweight,base_lightweight,ready,llm_decision,llm_decision_induced_action,ambiguous_connected_workflow,mixed,trigger_incomplete,network_access,requires_web_platform,True,2026-04-27T03:45:22.902213+00:00,2026-04-27T03:47:54.417687+00:00
mnt_e_dangerous_skills_chinese-novelist-skill,chinese-novelist-skill,/mnt/e/dangerous_skills/chinese-novelist-skill,completed,低风险,low,0,low,benign_like,partial,completed_full,,,base_lightweight,base_lightweight,ready,unknown,unknown,insufficient_context,authored_skill_logic,trigger_incomplete,,requires_local_helper_tooling,True,2026-04-27T03:47:54.688320+00:00,2026-04-27T03:48:10.823187+00:00
mnt_e_dangerous_skills_chisel_skills_chisel,chisel,/mnt/e/dangerous_skills/chisel/skills/chisel,completed,低风险,low,0,low,weakly_suspicious,partial,completed_full,,,base_lightweight,base_lightweight,conditional,unknown,unknown,ambiguous_connected_workflow,mixed,trigger_incomplete,process_spawn,requires_external_api_key|requires_user_supplied_artifact,True,2026-04-27T03:48:11.094725+00:00,2026-04-27T03:48:46.239963+00:00
mnt_e_dangerous_skills_choom_nextjs-app_skills_core_choom-delegation,choom-delegation,/mnt/e/dangerous_skills/choom/nextjs-app/skills/core/choom-delegation,skipped,,,,low,benign_like,partial,skipped_bounded,auth_or_external_account_required,auth_or_external_account_required,adapter_backed,base_lightweight,blocked,prompt_injection_suspected,prompt_injection_suspected,insufficient_context,authored_skill_logic,static_only,,requires_oauth_or_login,True,2026-04-27T03:48:47.119419+00:00,2026-04-27T03:48:47.119446+00:00
mnt_e_dangerous_skills_choom_nextjs-app_skills_core_code-execution,code-execution,/mnt/e/dangerous_skills/choom/nextjs-app/skills/core/code-execution,completed,低风险,low,0,low,weakly_suspicious,partial,completed_full,,,base_lightweight,base_lightweight,ready,skill_design,unsafe_command_construction,unsafe_command_construction,tool_selection,trigger_incomplete,file_write|process_spawn|shell_execution,,True,2026-04-27T03:48:47.488822+00:00,2026-04-27T03:50:59.537091+00:00
mnt_e_dangerous_skills_choom_nextjs-app_skills_core_google-calendar,google-calendar,/mnt/e/dangerous_skills/choom/nextjs-app/skills/core/google-calendar,completed,低风险,low,0,low,benign_like,partial,completed_full,,,base_lightweight,base_lightweight,ready,unknown,unknown,insufficient_context,authored_skill_logic,trigger_incomplete,file_write,,True,2026-04-27T03:51:00.105693+00:00,2026-04-27T03:51:16.695915+00:00
mnt_e_dangerous_skills_choom_nextjs-app_skills_core_google-contacts,google-contacts,/mnt/e/dangerous_skills/choom/nextjs-app/skills/core/google-contacts,skipped,,,,low,benign_like,partial,skipped_bounded,auth_or_external_account_required,auth_or_external_account_required,adapter_backed,adapter_backed,blocked,unknown,unknown,insufficient_context,authored_skill_logic,static_only,,requires_oauth_or_login|requires_messaging_stack,True,2026-04-27T03:51:17.812281+00:00,2026-04-27T03:51:17.812303+00:00
mnt_e_dangerous_skills_choom_nextjs-app_skills_core_google-docs,google-docs,/mnt/e/dangerous_skills/choom/nextjs-app/skills/core/google-docs,completed,低风险,low,0,low,benign_like,partial,completed_full,,,adapter_backed,adapter_backed,blocked,unknown,unknown,insufficient_context,authored_skill_logic,trigger_incomplete,file_write,requires_document_or_office_stack,True,2026-04-27T03:51:18.243937+00:00,2026-04-27T03:51:25.347125+00:00
mnt_e_dangerous_skills_choom_nextjs-app_skills_core_google-drive,google-drive,/mnt/e/dangerous_skills/choom/nextjs-app/skills/core/google-drive,completed,低风险,low,0,low,benign_like,partial,completed_full,,,adapter_backed,adapter_backed,blocked,unknown,unknown,insufficient_context,authored_skill_logic,trigger_incomplete,file_write,requires_user_supplied_artifact|requires_document_or_office_stack,True,2026-04-27T03:51:27.825969+00:00,2026-04-27T03:51:36.581533+00:00
mnt_e_dangerous_skills_choom_nextjs-app_skills_core_google-gmail,google-gmail,/mnt/e/dangerous_skills/choom/nextjs-app/skills/core/google-gmail,completed,低风险,low,0,low,benign_like,partial,completed_full,,,adapter_backed,adapter_backed,blocked,unknown,unknown,insufficient_context,authored_skill_logic,trigger_incomplete,file_write,requires_user_supplied_artifact|requires_messaging_stack,True,2026-04-27T03:51:37.033769+00:00,2026-04-27T03:51:45.451996+00:00
mnt_e_dangerous_skills_choom_nextjs-app_skills_core_google-sheets,google-sheets,/mnt/e/dangerous_skills/choom/nextjs-app/skills/core/google-sheets,completed,低风险,low,0,low,benign_like,partial,completed_full,,,adapter_backed,adapter_backed,blocked,unknown,unknown,insufficient_context,authored_skill_logic,trigger_incomplete,file_write,requires_document_or_office_stack,True,2026-04-27T03:51:45.839796+00:00,2026-04-27T03:51:54.633105+00:00
mnt_e_dangerous_skills_choom_nextjs-app_skills_core_google-tasks,google-tasks,/mnt/e/dangerous_skills/choom/nextjs-app/skills/core/google-tasks,completed,低风险,low,0,low,benign_like,partial,completed_full,,,base_lightweight,base_lightweight,ready,unknown,unknown,insufficient_context,authored_skill_logic,trigger_incomplete,,,True,2026-04-27T03:51:55.099156+00:00,2026-04-27T03:52:05.981288+00:00
mnt_e_dangerous_skills_choom_nextjs-app_skills_core_google-youtube,google-youtube,/mnt/e/dangerous_skills/choom/nextjs-app/skills/core/google-youtube,skipped,,,,low,benign_like,partial,skipped_bounded,auth_or_external_account_required,auth_or_external_account_required,adapter_backed,base_lightweight,blocked,unknown,unknown,insufficient_context,authored_skill_logic,static_only,,requires_web_platform|requires_oauth_or_login,True,2026-04-27T03:52:06.997432+00:00,2026-04-27T03:52:06.997454+00:00
mnt_e_dangerous_skills_choom_nextjs-app_skills_core_habit-tracker,habit-tracker,/mnt/e/dangerous_skills/choom/nextjs-app/skills/core/habit-tracker,completed,低风险,low,0,low,weakly_suspicious,partial,completed_full,,,base_lightweight,base_lightweight,ready,unknown,unknown,ambiguous_connected_workflow,mixed,trigger_incomplete,process_spawn,,True,2026-04-27T03:52:07.392586+00:00,2026-04-27T03:52:24.165804+00:00
mnt_e_dangerous_skills_choom_nextjs-app_skills_core_home-assistant,home-assistant,/mnt/e/dangerous_skills/choom/nextjs-app/skills/core/home-assistant,completed,低风险,low,0,low,benign_like,partial,completed_full,,,base_lightweight,base_lightweight,ready,unknown,unknown,insufficient_context,authored_skill_logic,trigger_incomplete,,requires_web_platform,True,2026-04-27T03:52:24.560532+00:00,2026-04-27T03:52:33.010253+00:00
mnt_e_dangerous_skills_choom_nextjs-app_skills_core_image-analysis,image-analysis,/mnt/e/dangerous_skills/choom/nextjs-app/skills/core/image-analysis,completed,低风险,low,0,low,benign_like,partial,completed_full,,,base_lightweight,base_lightweight,ready,unknown,unknown,insufficient_context,authored_skill_logic,trigger_incomplete,,requires_web_platform,True,2026-04-27T03:52:33.463472+00:00,2026-04-27T03:52:47.992332+00:00
mnt_e_dangerous_skills_choom_nextjs-app_skills_core_image-generation,image-generation,/mnt/e/dangerous_skills/choom/nextjs-app/skills/core/image-generation,completed,低风险,low,0,low,benign_like,partial,completed_full,,,base_lightweight,base_lightweight,ready,unknown,unknown,insufficient_context,authored_skill_logic,trigger_incomplete,,,True,2026-04-27T03:52:48.542401+00:00,2026-04-27T03:53:11.625093+00:00
mnt_e_dangerous_skills_choom_nextjs-app_skills_core_knowledge-graph,knowledge-graph,/mnt/e/dangerous_skills/choom/nextjs-app/skills/core/knowledge-graph,completed,低风险,low,0,low,benign_like,partial,completed_full,,,adapter_backed,adapter_backed,blocked,unknown,unknown,insufficient_context,authored_skill_logic,trigger_incomplete,file_write,requires_web_platform|requires_document_or_office_stack,True,2026-04-27T03:53:12.036177+00:00,2026-04-27T03:53:20.831305+00:00
mnt_e_dangerous_skills_choom_nextjs-app_skills_core_memory-management,memory-management,/mnt/e/dangerous_skills/choom/nextjs-app/skills/core/memory-management,completed,低风险,low,0,low,weakly_suspicious,partial,completed_full,,,base_lightweight,base_lightweight,ready,unknown,unknown,ambiguous_connected_workflow,mixed,trigger_incomplete,process_spawn,,True,2026-04-27T03:53:21.232045+00:00,2026-04-27T03:54:05.930546+00:00
mnt_e_dangerous_skills_choom_nextjs-app_skills_core_notifications,notifications,/mnt/e/dangerous_skills/choom/nextjs-app/skills/core/notifications,completed,低风险,low,0,low,benign_like,partial,completed_full,,,adapter_backed,adapter_backed,blocked,unknown,unknown,insufficient_context,authored_skill_logic,trigger_incomplete,file_write,requires_user_supplied_artifact|requires_document_or_office_stack,True,2026-04-27T03:54:06.418190+00:00,2026-04-27T03:54:27.792560+00:00
mnt_e_dangerous_skills_choom_nextjs-app_skills_core_pdf-processing,pdf-processing,/mnt/e/dangerous_skills/choom/nextjs-app/skills/core/pdf-processing,completed,低风险,low,0,low,weakly_suspicious,partial,completed_full,,,adapter_backed,adapter_backed,blocked,unknown,unknown,unsafe_command_construction,tool_selection,trigger_incomplete,file_write|process_spawn|shell_execution,requires_document_or_office_stack,True,2026-04-27T03:54:28.181668+00:00,2026-04-27T03:54:47.929446+00:00
mnt_e_dangerous_skills_choom_nextjs-app_skills_core_plan-mode,plan-mode,/mnt/e/dangerous_skills/choom/nextjs-app/skills/core/plan-mode,completed,低风险,low,0,low,benign_like,partial,completed_full,,,base_lightweight,base_lightweight,ready,unknown,unknown,insufficient_context,authored_skill_logic,trigger_incomplete,,requires_long_horizon_task,True,2026-04-27T03:54:48.406970+00:00,2026-04-27T03:57:16.904691+00:00
mnt_e_dangerous_skills_choom_nextjs-app_skills_core_reminders,reminders,/mnt/e/dangerous_skills/choom/nextjs-app/skills/core/reminders,completed,低风险,low,0,low,benign_like,partial,completed_full,,,base_lightweight,base_lightweight,ready,unknown,unknown,insufficient_context,authored_skill_logic,trigger_incomplete,,,True,2026-04-27T03:57:17.618563+00:00,2026-04-27T03:57:28.018632+00:00
mnt_e_dangerous_skills_choom_nextjs-app_skills_core_weather-forecasting,weather-forecasting,/mnt/e/dangerous_skills/choom/nextjs-app/skills/core/weather-forecasting,completed,低风险,low,0,low,benign_like,partial,completed_full,,,base_lightweight,base_lightweight,ready,unknown,unknown,insufficient_context,authored_skill_logic,trigger_incomplete,,,True,2026-04-27T03:57:28.511059+00:00,2026-04-27T03:57:38.417254+00:00
mnt_e_dangerous_skills_choom_nextjs-app_skills_core_web-scraping,web-scraping,/mnt/e/dangerous_skills/choom/nextjs-app/skills/core/web-scraping,completed,严重风险,critical,100,critical,severe_risk,chain_backed,completed_full,,,adapter_backed,adapter_backed,blocked,llm_decision,llm_decision_induced_action,unsafe_command_construction,tool_selection,trigger_incomplete,file_write|network_access|process_spawn|shell_execution,requires_browser|requires_web_platform|requires_document_or_office_stack,True,2026-04-27T03:57:39.106914+00:00,2026-04-27T03:58:31.867533+00:00
mnt_e_dangerous_skills_choom_nextjs-app_skills_core_web-searching,web-searching,/mnt/e/dangerous_skills/choom/nextjs-app/skills/core/web-searching,completed,低风险,low,0,low,benign_like,partial,completed_full,,,base_lightweight,base_lightweight,conditional,unknown,unknown,insufficient_context,authored_skill_logic,trigger_incomplete,,requires_web_platform|requires_external_api_key,True,2026-04-27T03:58:32.445947+00:00,2026-04-27T03:58:41.679290+00:00
mnt_e_dangerous_skills_choom_nextjs-app_skills_core_workspace-files,workspace-files,/mnt/e/dangerous_skills/choom/nextjs-app/skills/core/workspace-files,completed,低风险,low,0,low,weakly_suspicious,partial,completed_full,,,base_lightweight,base_lightweight,ready,unknown,unknown,ambiguous_connected_workflow,mixed,trigger_incomplete,process_spawn,,True,2026-04-27T03:58:42.357409+00:00,2026-04-27T03:59:10.965558+00:00
mnt_e_dangerous_skills_chrome-cdp-skill_skills_chrome-cdp,chrome-cdp,/mnt/e/dangerous_skills/chrome-cdp-skill/skills/chrome-cdp,completed,低风险,low,0,low,weakly_suspicious,partial,completed_full,,,browser_lightweight,browser_lightweight,ready,unknown,unknown,ambiguous_connected_workflow,mixed,trigger_incomplete,process_spawn,requires_browser|requires_web_platform|requires_long_horizon_task|requires_local_helper_tooling,True,2026-04-27T03:59:11.456635+00:00,2026-04-27T03:59:21.463586+00:00
mnt_e_dangerous_skills_citadel-lite,citadel-lite,/mnt/e/dangerous_skills/citadel-lite,completed,低风险,low,0,low,benign_like,partial,completed_full,,,base_lightweight,base_lightweight,conditional,unknown,unknown,insufficient_context,authored_skill_logic,trigger_incomplete,,requires_external_api_key|requires_long_horizon_task,True,2026-04-27T03:59:21.705433+00:00,2026-04-27T04:00:15.363833+00:00
mnt_e_dangerous_skills_claude-code_skills_pair-programmer,pair-programmer,/mnt/e/dangerous_skills/claude-code/skills/pair-programmer,skipped,,,,low,benign_like,partial,skipped_bounded,auth_or_external_account_required,auth_or_external_account_required,adapter_backed,base_lightweight,blocked,unknown,unknown,insufficient_context,authored_skill_logic,static_only,,requires_web_platform|requires_oauth_or_login|requires_external_api_key,True,2026-04-27T04:00:16.062771+00:00,2026-04-27T04:00:16.062784+00:00
mnt_e_dangerous_skills_claude-code-permission-policy_skills_permission-policy,permission-policy,/mnt/e/dangerous_skills/claude-code-permission-policy/skills/permission-policy,skipped,,,,low,benign_like,partial,skipped_bounded,auth_or_external_account_required,auth_or_external_account_required,adapter_backed,base_lightweight,blocked,unknown,unknown,insufficient_context,authored_skill_logic,static_only,,requires_oauth_or_login|requires_interactive_prompting,True,2026-04-27T04:00:16.991515+00:00,2026-04-27T04:00:16.991535+00:00
mnt_e_dangerous_skills_claude-code-scaffolding-skill_project-scaffolding,project-scaffolding,/mnt/e/dangerous_skills/claude-code-scaffolding-skill/project-scaffolding,skipped,,,,low,benign_like,partial,skipped_bounded,auth_or_external_account_required,auth_or_external_account_required,browser_lightweight,browser_lightweight,blocked,unknown,unknown,insufficient_context,authored_skill_logic,static_only,,requires_browser|requires_web_platform|requires_oauth_or_login|requires_interactive_prompting|requires_local_helper_tooling,True,2026-04-27T04:00:17.963221+00:00,2026-04-27T04:00:17.963240+00:00
mnt_e_dangerous_skills_claude-jobs,claude-jobs,/mnt/e/dangerous_skills/claude-jobs,completed,严重风险,critical,100,critical,severe_risk,chain_backed,completed_full,,,adapter_backed,adapter_backed,blocked,llm_decision,llm_decision_induced_action,ambiguous_connected_workflow,mixed,trigger_incomplete,file_write|network_access,requires_web_platform|requires_messaging_stack,True,2026-04-27T04:00:18.218657+00:00,2026-04-27T04:01:18.886302+00:00
mnt_e_dangerous_skills_claude-skill-strapi-expert,strapi-expert,/mnt/e/dangerous_skills/claude-skill-strapi-expert,completed,低风险,low,0,low,benign_like,partial,completed_full,,,base_lightweight,base_lightweight,conditional,unknown,unknown,insufficient_context,authored_skill_logic,trigger_incomplete,,requires_web_platform|requires_external_api_key|requires_long_horizon_task,True,2026-04-27T04:01:19.168994+00:00,2026-04-27T04:04:17.848510+00:00
mnt_e_dangerous_skills_claude-skill-telegram,telegram-reminders,/mnt/e/dangerous_skills/claude-skill-telegram,completed,低风险,low,0,low,benign_like,partial,completed_full,,,adapter_backed,adapter_backed,blocked,unknown,unknown,insufficient_context,authored_skill_logic,trigger_incomplete,file_write,requires_external_api_key|requires_user_supplied_artifact|requires_local_helper_tooling|requires_document_or_office_stack|requires_messaging_stack,True,2026-04-27T04:04:18.015357+00:00,2026-04-27T04:04:33.814480+00:00
mnt_e_dangerous_skills_claude-to-im-skill,claude-to-im,/mnt/e/dangerous_skills/claude-to-im-skill,skipped,,,,medium,benign_like,partial,skipped_bounded,auth_or_external_account_required,auth_or_external_account_required,adapter_backed,adapter_backed,blocked,unknown,unknown,insufficient_context,authored_skill_logic,static_only,,requires_browser|requires_web_platform|requires_oauth_or_login|requires_external_api_key|requires_callback_or_webhook|requires_interactive_prompting|requires_local_helper_tooling|requires_messaging_stack,True,2026-04-27T04:04:34.966359+00:00,2026-04-27T04:04:34.966382+00:00
mnt_e_dangerous_skills_clawd-cursor,clawdcursor,/mnt/e/dangerous_skills/clawd-cursor,completed,低风险,low,0,medium,benign_like,partial,completed_full,,,adapter_backed,adapter_backed,blocked,unknown,unknown,insufficient_context,authored_skill_logic,trigger_incomplete,file_write,requires_browser|requires_web_platform|requires_external_api_key|requires_heavy_runtime|requires_interactive_prompting|requires_local_helper_tooling|requires_document_or_office_stack|requires_messaging_stack,True,2026-04-27T04:04:35.297223+00:00,2026-04-27T04:04:58.569522+00:00
mnt_e_dangerous_skills_clawdbot-skill-search-x,search-x,/mnt/e/dangerous_skills/clawdbot-skill-search-x,completed,低风险,low,0,low,weakly_suspicious,partial,completed_full,,,browser_lightweight,browser_lightweight,conditional,unknown,unknown,unsafe_command_construction,tool_selection,trigger_incomplete,process_spawn|shell_execution,requires_browser|requires_web_platform|requires_external_api_key|requires_long_horizon_task|requires_local_helper_tooling,True,2026-04-27T04:04:58.855095+00:00,2026-04-27T04:05:17.604089+00:00
mnt_e_dangerous_skills_clawdbot-skill-xai,xai,/mnt/e/dangerous_skills/clawdbot-skill-xai,completed,低风险,low,0,low,benign_like,partial,completed_full,,,adapter_backed,adapter_backed,blocked,unknown,unknown,insufficient_context,authored_skill_logic,trigger_incomplete,file_write,requires_web_platform|requires_external_api_key|requires_long_horizon_task|requires_user_supplied_artifact|requires_local_helper_tooling|requires_document_or_office_stack,True,2026-04-27T04:05:17.906585+00:00,2026-04-27T04:05:29.230046+00:00
mnt_e_dangerous_skills_clawdefender,clawdefender,/mnt/e/dangerous_skills/clawdefender,completed,低风险,low,0,medium,weakly_suspicious,partial,completed_full,,,adapter_backed,adapter_backed,blocked,unknown,unknown,unsafe_command_construction,tool_selection,trigger_incomplete,file_write|process_spawn|shell_execution,requires_web_platform|requires_external_api_key|requires_callback_or_webhook|requires_local_helper_tooling|requires_messaging_stack,True,2026-04-27T04:05:29.529907+00:00,2026-04-27T04:05:40.249622+00:00
mnt_e_dangerous_skills_clawguard,clawguard,/mnt/e/dangerous_skills/clawguard,completed,低风险,low,0,medium,benign_like,partial,completed_full,,,adapter_backed,adapter_backed,blocked,unknown,unknown,insufficient_context,authored_skill_logic,trigger_incomplete,file_write,requires_browser|requires_web_platform|requires_local_helper_tooling|requires_messaging_stack,True,2026-04-27T04:05:40.592457+00:00,2026-04-27T04:07:58.081722+00:00
mnt_e_dangerous_skills_clawpinch,clawpinch,/mnt/e/dangerous_skills/clawpinch,completed,低风险,low,0,critical,benign_like,partial,completed_full,,,base_lightweight,base_lightweight,conditional,unknown,unknown,insufficient_context,authored_skill_logic,trigger_incomplete,,requires_external_api_key|requires_interactive_prompting|requires_local_helper_tooling,True,2026-04-27T04:07:58.274842+00:00,2026-04-27T04:10:14.713387+00:00
mnt_e_dangerous_skills_clawpulse-skill,clawpulse,/mnt/e/dangerous_skills/clawpulse-skill,completed,低风险,low,0,low,benign_like,partial,completed_full,,,browser_lightweight,browser_lightweight,ready,unknown,unknown,insufficient_context,authored_skill_logic,trigger_incomplete,,requires_browser|requires_web_platform|requires_long_horizon_task|requires_local_helper_tooling,True,2026-04-27T04:10:14.920865+00:00,2026-04-27T04:10:30.346413+00:00
mnt_e_dangerous_skills_clawra,clawra-selfie,/mnt/e/dangerous_skills/clawra,completed,低风险,low,0,medium,benign_like,partial,completed_full,,,adapter_backed,adapter_backed,blocked,unknown,unknown,insufficient_context,authored_skill_logic,trigger_incomplete,file_write,requires_web_platform|requires_external_api_key|requires_interactive_prompting|requires_local_helper_tooling|requires_messaging_stack,True,2026-04-27T04:10:30.640527+00:00,2026-04-27T04:10:40.391611+00:00
mnt_e_dangerous_skills_clawra_skill,clawra-selfie,/mnt/e/dangerous_skills/clawra/skill,completed,低风险,low,0,medium,weakly_suspicious,partial,completed_full,,,adapter_backed,adapter_backed,blocked,skill_design,unsafe_command_construction,unsafe_command_construction,tool_selection,trigger_incomplete,file_write|process_spawn|shell_execution,requires_web_platform|requires_external_api_key|requires_interactive_prompting|requires_local_helper_tooling|requires_messaging_stack,True,2026-04-27T04:10:40.599243+00:00,2026-04-27T04:10:52.698922+00:00
mnt_e_dangerous_skills_clawscan,clawscan,/mnt/e/dangerous_skills/clawscan,completed,低风险,low,0,medium,weakly_suspicious,partial,completed_full,,,adapter_backed,adapter_backed,blocked,unknown,unknown,unsafe_command_construction,tool_selection,trigger_incomplete,file_write|process_spawn|shell_execution,requires_browser|requires_external_api_key|requires_callback_or_webhook|requires_long_horizon_task|requires_local_helper_tooling|requires_document_or_office_stack,True,2026-04-27T04:10:52.842905+00:00,2026-04-27T04:11:08.413942+00:00
mnt_e_dangerous_skills_cllawhub,clawhub,/mnt/e/dangerous_skills/cllawhub,skipped,,,,critical,benign_like,partial,skipped_bounded,auth_or_external_account_required,auth_or_external_account_required,adapter_backed,base_lightweight,blocked,unknown,unknown,insufficient_context,authored_skill_logic,static_only,,requires_web_platform|requires_oauth_or_login|requires_long_horizon_task,True,2026-04-27T04:11:08.885328+00:00,2026-04-27T04:11:08.885347+00:00
mnt_e_dangerous_skills_code-review-plugin_skills_code-review,code-review,/mnt/e/dangerous_skills/code-review-plugin/skills/code-review,completed,低风险,low,0,low,benign_like,partial,completed_full,,,base_lightweight,base_lightweight,ready,unknown,unknown,insufficient_context,authored_skill_logic,trigger_incomplete,,requires_local_helper_tooling,True,2026-04-27T04:11:09.233967+00:00,2026-04-27T04:13:36.098160+00:00
mnt_e_dangerous_skills_code-squad_skills_subway,subway,/mnt/e/dangerous_skills/code-squad/skills/subway,skipped,,,,low,benign_like,partial,skipped_bounded,auth_or_external_account_required,auth_or_external_account_required,adapter_backed,base_lightweight,blocked,unknown,unknown,insufficient_context,authored_skill_logic,static_only,,requires_web_platform|requires_oauth_or_login,True,2026-04-27T04:13:36.814612+00:00,2026-04-27T04:13:36.814647+00:00
mnt_e_dangerous_skills_codemap_skills_codemap,codemap,/mnt/e/dangerous_skills/codemap/skills/codemap,completed,低风险,low,0,low,benign_like,partial,completed_full,,,base_lightweight,base_lightweight,ready,unknown,unknown,insufficient_context,authored_skill_logic,trigger_incomplete,,requires_local_helper_tooling,True,2026-04-27T04:13:37.142085+00:00,2026-04-27T04:13:52.514429+00:00
mnt_e_dangerous_skills_coding_agent_session_search,cass,/mnt/e/dangerous_skills/coding_agent_session_search,skipped,,,,medium,benign_like,partial,skipped_bounded,auth_or_external_account_required,auth_or_external_account_required,deep_execution,deep_execution,blocked,prompt_injection_suspected,prompt_injection_suspected,insufficient_context,authored_skill_logic,static_only,,requires_web_platform|requires_oauth_or_login|requires_external_api_key|requires_long_horizon_task|requires_interactive_prompting|requires_local_helper_tooling,True,2026-04-27T04:13:53.828975+00:00,2026-04-27T04:13:53.828996+00:00
mnt_e_dangerous_skills_coinos-skills_skills_aicoin-account,aicoin-account,/mnt/e/dangerous_skills/coinos-skills/skills/aicoin-account,completed,低风险,low,0,low,weakly_suspicious,partial,completed_full,,,base_lightweight,base_lightweight,conditional,unknown,unknown,unsafe_command_construction,tool_selection,trigger_incomplete,process_spawn|shell_execution,requires_external_api_key|requires_local_helper_tooling,True,2026-04-27T04:13:54.184516+00:00,2026-04-27T04:14:03.697156+00:00
mnt_e_dangerous_skills_coinos-skills_skills_aicoin-freqtrade,aicoin-freqtrade,/mnt/e/dangerous_skills/coinos-skills/skills/aicoin-freqtrade,completed,低风险,low,0,low,benign_like,partial,completed_full,,,base_lightweight,base_lightweight,conditional,unknown,unknown,insufficient_context,authored_skill_logic,trigger_incomplete,,requires_external_api_key|requires_local_helper_tooling,True,2026-04-27T04:14:04.019500+00:00,2026-04-27T04:14:13.640066+00:00
mnt_e_dangerous_skills_coinos-skills_skills_aicoin-hyperliquid,aicoin-hyperliquid,/mnt/e/dangerous_skills/coinos-skills/skills/aicoin-hyperliquid,completed,低风险,low,0,low,weakly_suspicious,partial,completed_full,,,browser_lightweight,browser_lightweight,conditional,skill_design,unsafe_command_construction,unsafe_command_construction,tool_selection,trigger_incomplete,process_spawn|shell_execution,requires_browser|requires_web_platform|requires_external_api_key|requires_local_helper_tooling,True,2026-04-27T04:14:14.006057+00:00,2026-04-27T04:14:25.618747+00:00
mnt_e_dangerous_skills_coinos-skills_skills_aicoin-market,aicoin-market,/mnt/e/dangerous_skills/coinos-skills/skills/aicoin-market,completed,低风险,low,0,low,weakly_suspicious,partial,completed_full,,,browser_lightweight,browser_lightweight,conditional,skill_design,unsafe_command_construction,unsafe_command_construction,tool_selection,trigger_incomplete,process_spawn|shell_execution,requires_browser|requires_web_platform|requires_external_api_key|requires_local_helper_tooling,True,2026-04-27T04:14:25.887329+00:00,2026-04-27T04:14:36.656853+00:00
mnt_e_dangerous_skills_coinos-skills_skills_aicoin-onchain,aicoin-onchain,/mnt/e/dangerous_skills/coinos-skills/skills/aicoin-onchain,skipped,,,,low,benign_like,partial,skipped_bounded,auth_or_external_account_required,auth_or_external_account_required,adapter_backed,base_lightweight,blocked,unknown,unknown,insufficient_context,authored_skill_logic,static_only,,requires_web_platform|requires_oauth_or_login|requires_external_api_key|requires_local_helper_tooling,True,2026-04-27T04:14:37.310251+00:00,2026-04-27T04:14:37.310270+00:00
mnt_e_dangerous_skills_coinos-skills_skills_aicoin-trading,aicoin-trading,/mnt/e/dangerous_skills/coinos-skills/skills/aicoin-trading,completed,低风险,low,0,low,benign_like,partial,completed_full,,,base_lightweight,base_lightweight,ready,unknown,unknown,insufficient_context,authored_skill_logic,trigger_incomplete,,requires_local_helper_tooling,True,2026-04-27T04:14:37.591038+00:00,2026-04-27T04:14:45.848149+00:00
mnt_e_dangerous_skills_comfyui_skills_openclaw,comfyui-skill-openclaw,/mnt/e/dangerous_skills/comfyui_skills_openclaw,completed,低风险,low,0,medium,weakly_suspicious,partial,completed_full,,,base_lightweight,base_lightweight,conditional,unknown,unknown,unsafe_command_construction,tool_selection,trigger_incomplete,process_spawn|shell_execution,requires_web_platform|requires_external_api_key|requires_heavy_runtime|requires_user_supplied_artifact|requires_interactive_prompting|requires_local_helper_tooling,True,2026-04-27T04:14:46.000962+00:00,2026-04-27T04:14:59.589786+00:00
mnt_e_dangerous_skills_companion-skill_companion-offload,companion-offload,/mnt/e/dangerous_skills/companion-skill/companion-offload,skipped,,,,medium,benign_like,partial,skipped_bounded,auth_or_external_account_required,auth_or_external_account_required,adapter_backed,base_lightweight,blocked,unknown,unknown,insufficient_context,authored_skill_logic,static_only,,requires_web_platform|requires_oauth_or_login|requires_external_api_key|requires_long_horizon_task|requires_local_helper_tooling,True,2026-04-27T04:15:00.399003+00:00,2026-04-27T04:15:00.399032+00:00
mnt_e_dangerous_skills_computer-use,computer-use,/mnt/e/dangerous_skills/computer-use,completed,低风险,low,0,low,weakly_suspicious,partial,completed_full,,,browser_lightweight,browser_lightweight,ready,unknown,unknown,unsafe_command_construction,tool_selection,trigger_incomplete,process_spawn|shell_execution,requires_browser|requires_web_platform|requires_long_horizon_task|requires_local_helper_tooling,True,2026-04-27T04:15:00.666021+00:00,2026-04-27T04:15:11.881067+00:00
mnt_e_dangerous_skills_connect-blueprint,connect-blueprint,/mnt/e/dangerous_skills/connect-blueprint,skipped,,,,low,benign_like,partial,skipped_bounded,auth_or_external_account_required,auth_or_external_account_required,adapter_backed,base_lightweight,blocked,unknown,unknown,insufficient_context,authored_skill_logic,static_only,,requires_oauth_or_login|requires_local_helper_tooling,True,2026-04-27T04:15:12.517869+00:00,2026-04-27T04:15:12.517946+00:00
mnt_e_dangerous_skills_content-pipeline,content-pipeline,/mnt/e/dangerous_skills/content-pipeline,completed,低风险,low,0,low,benign_like,partial,completed_full,,,browser_lightweight,browser_lightweight,conditional,unknown,unknown,insufficient_context,authored_skill_logic,trigger_incomplete,,requires_browser|requires_web_platform|requires_external_api_key|requires_user_supplied_artifact|requires_local_helper_tooling,True,2026-04-27T04:15:12.698866+00:00,2026-04-27T04:15:28.801633+00:00
mnt_e_dangerous_skills_content-wand,content-wand,/mnt/e/dangerous_skills/content-wand,completed,低风险,low,0,low,benign_like,partial,completed_full,,,adapter_backed,adapter_backed,blocked,unknown,unknown,insufficient_context,authored_skill_logic,trigger_incomplete,file_write,requires_web_platform|requires_local_helper_tooling|requires_messaging_stack,True,2026-04-27T04:15:29.003664+00:00,2026-04-27T04:15:39.567819+00:00
mnt_e_dangerous_skills_contextkit,contextkit,/mnt/e/dangerous_skills/contextkit,completed,低风险,low,0,medium,weakly_suspicious,partial,completed_full,,,base_lightweight,base_lightweight,conditional,unknown,unknown,unsafe_command_construction,tool_selection,trigger_incomplete,process_spawn|shell_execution,requires_external_api_key,True,2026-04-27T04:15:39.742241+00:00,2026-04-27T04:15:56.920692+00:00
mnt_e_dangerous_skills_controller-cli,controller-cli,/mnt/e/dangerous_skills/controller-cli,completed,低风险,low,0,medium,weakly_suspicious,partial,completed_full,,,adapter_backed,adapter_backed,blocked,unknown,unknown,unsafe_command_construction,tool_selection,trigger_incomplete,file_write|process_spawn|shell_execution,requires_browser|requires_web_platform|requires_external_api_key|requires_callback_or_webhook,True,2026-04-27T04:15:57.122669+00:00,2026-04-27T04:16:10.880078+00:00
mnt_e_dangerous_skills_coolify-manager,coolify-manager,/mnt/e/dangerous_skills/coolify-manager,completed,低风险,low,0,medium,weakly_suspicious,partial,completed_full,,,base_lightweight,base_lightweight,conditional,unknown,unknown,unsafe_command_construction,tool_selection,trigger_incomplete,file_write|process_spawn|shell_execution,requires_web_platform|requires_external_api_key|requires_user_supplied_artifact|requires_local_helper_tooling,True,2026-04-27T04:16:11.060042+00:00,2026-04-27T04:16:21.451990+00:00
mnt_e_dangerous_skills_creatok-skills_skills_creatok-analyze-video,creatok-analyze-video,/mnt/e/dangerous_skills/creatok-skills/skills/creatok-analyze-video,completed,低风险,low,0,low,benign_like,partial,completed_full,,,base_lightweight,base_lightweight,conditional,unknown,unknown,insufficient_context,authored_skill_logic,trigger_incomplete,,requires_web_platform|requires_external_api_key|requires_local_helper_tooling,True,2026-04-27T04:16:21.733399+00:00,2026-04-27T04:16:31.088219+00:00
mnt_e_dangerous_skills_creatok-skills_skills_creatok-generate-image,creatok-generate-image,/mnt/e/dangerous_skills/creatok-skills/skills/creatok-generate-image,completed,低风险,low,0,low,benign_like,partial,completed_full,,,base_lightweight,base_lightweight,conditional,unknown,unknown,insufficient_context,authored_skill_logic,trigger_incomplete,,requires_web_platform|requires_external_api_key|requires_user_supplied_artifact|requires_interactive_prompting|requires_local_helper_tooling,True,2026-04-27T04:16:31.351915+00:00,2026-04-27T04:16:41.388328+00:00
mnt_e_dangerous_skills_creatok-skills_skills_creatok-generate-video,creatok-generate-video,/mnt/e/dangerous_skills/creatok-skills/skills/creatok-generate-video,completed,低风险,low,0,low,benign_like,partial,completed_full,,,base_lightweight,base_lightweight,conditional,unknown,unknown,insufficient_context,authored_skill_logic,trigger_incomplete,,requires_web_platform|requires_external_api_key|requires_user_supplied_artifact|requires_interactive_prompting|requires_local_helper_tooling,True,2026-04-27T04:16:41.669838+00:00,2026-04-27T04:17:00.333329+00:00
mnt_e_dangerous_skills_creatok-skills_skills_creatok-recreate-video,creatok-recreate-video,/mnt/e/dangerous_skills/creatok-skills/skills/creatok-recreate-video,completed,低风险,low,0,low,benign_like,partial,completed_full,,,base_lightweight,base_lightweight,conditional,unknown,unknown,insufficient_context,authored_skill_logic,trigger_incomplete,,requires_web_platform|requires_external_api_key|requires_user_supplied_artifact|requires_local_helper_tooling,True,2026-04-27T04:17:00.603656+00:00,2026-04-27T04:17:26.618209+00:00
mnt_e_dangerous_skills_crossfit-programmer,crossfit-programmer,/mnt/e/dangerous_skills/crossfit-programmer,completed,低风险,low,0,low,benign_like,partial,completed_full,,,base_lightweight,base_lightweight,ready,unknown,unknown,insufficient_context,authored_skill_logic,trigger_incomplete,,requires_local_helper_tooling,True,2026-04-27T04:17:26.804623+00:00,2026-04-27T04:17:37.558786+00:00
mnt_e_dangerous_skills_crypto-nday-analyze,crypto-nday-analyze,/mnt/e/dangerous_skills/crypto-nday-analyze,completed,低风险,low,0,medium,weakly_suspicious,partial,completed_full,,,base_lightweight,base_lightweight,conditional,unknown,unknown,unsafe_command_construction,tool_selection,trigger_incomplete,process_spawn|shell_execution,requires_external_api_key|requires_long_horizon_task|requires_heavy_runtime|requires_interactive_prompting,True,2026-04-27T04:17:37.749994+00:00,2026-04-27T04:17:49.065066+00:00
mnt_e_dangerous_skills_cypher-shell_skills_cypher-shell,cypher-shell,/mnt/e/dangerous_skills/cypher-shell/skills/cypher-shell,completed,低风险,low,0,low,weakly_suspicious,partial,completed_full,,,base_lightweight,base_lightweight,ready,unknown,unknown,ambiguous_connected_workflow,mixed,trigger_incomplete,process_spawn,requires_web_platform|requires_interactive_prompting,True,2026-04-27T04:17:49.349374+00:00,2026-04-27T04:18:01.429730+00:00
mnt_e_dangerous_skills_czsc_skills_skills_czsc-thinking,czsc-thinking,/mnt/e/dangerous_skills/czsc_skills/skills/czsc-thinking,completed,低风险,low,0,low,benign_like,partial,completed_full,,,base_lightweight,base_lightweight,conditional,unknown,unknown,insufficient_context,authored_skill_logic,trigger_incomplete,,requires_external_api_key|requires_local_helper_tooling,True,2026-04-27T04:18:01.767569+00:00,2026-04-27T04:20:14.005733+00:00
mnt_e_dangerous_skills_data-analyze,data-analyze-refined,/mnt/e/dangerous_skills/data-analyze,completed,低风险,low,0,low,weakly_suspicious,partial,completed_full,,,adapter_backed,adapter_backed,blocked,unknown,unknown,unsafe_command_construction,tool_selection,trigger_incomplete,file_write|process_spawn|shell_execution,requires_heavy_runtime|requires_document_or_office_stack,True,2026-04-27T04:20:14.199720+00:00,2026-04-27T04:23:48.149470+00:00
mnt_e_dangerous_skills_debrief,debrief,/mnt/e/dangerous_skills/debrief,skipped,,,,medium,benign_like,partial,skipped_bounded,auth_or_external_account_required,auth_or_external_account_required,adapter_backed,adapter_backed,blocked,unknown,unknown,insufficient_context,authored_skill_logic,static_only,,requires_web_platform|requires_oauth_or_login|requires_external_api_key|requires_interactive_prompting|requires_local_helper_tooling|requires_messaging_stack,True,2026-04-27T04:23:48.910890+00:00,2026-04-27T04:23:48.910921+00:00
mnt_e_dangerous_skills_debug-methodology,debug-methodology,/mnt/e/dangerous_skills/debug-methodology,completed,低风险,low,0,low,benign_like,partial,completed_full,,,base_lightweight,base_lightweight,conditional,unknown,unknown,insufficient_context,authored_skill_logic,trigger_incomplete,,requires_web_platform|requires_long_horizon_task|requires_user_supplied_artifact,True,2026-04-27T04:23:49.200628+00:00,2026-04-27T04:24:39.108701+00:00
mnt_e_dangerous_skills_debug-skill,debug,/mnt/e/dangerous_skills/debug-skill,completed,低风险,low,0,low,benign_like,partial,completed_full,,,browser_lightweight,browser_lightweight,ready,unknown,unknown,insufficient_context,authored_skill_logic,trigger_incomplete,,requires_browser|requires_web_platform|requires_local_helper_tooling,True,2026-04-27T04:24:39.271005+00:00,2026-04-27T04:24:49.488600+00:00
mnt_e_dangerous_skills_deepdive,deepdive,/mnt/e/dangerous_skills/deepdive,completed,低风险,low,0,medium,weakly_suspicious,partial,completed_full,,,browser_lightweight,browser_lightweight,ready,unknown,unknown,unsafe_command_construction,tool_selection,trigger_incomplete,process_spawn|shell_execution,requires_browser|requires_web_platform|requires_local_helper_tooling,True,2026-04-27T04:24:49.658749+00:00,2026-04-27T04:25:00.130737+00:00
mnt_e_dangerous_skills_defillama-watchdog,defillama-watchdog,/mnt/e/dangerous_skills/defillama-watchdog,completed,低风险,low,0,low,weakly_suspicious,partial,completed_full,,,base_lightweight,base_lightweight,conditional,unknown,unknown,ambiguous_connected_workflow,mixed,trigger_incomplete,process_spawn,requires_external_api_key|requires_long_horizon_task|requires_local_helper_tooling,True,2026-04-27T04:25:00.309046+00:00,2026-04-27T04:25:31.658260+00:00
mnt_e_dangerous_skills_depresearch,depresearch,/mnt/e/dangerous_skills/depresearch,completed,低风险,low,0,medium,benign_like,partial,completed_full,,,base_lightweight,base_lightweight,conditional,unknown,unknown,insufficient_context,authored_skill_logic,trigger_incomplete,,requires_external_api_key,True,2026-04-27T04:25:31.873568+00:00,2026-04-27T04:26:05.228239+00:00
mnt_e_dangerous_skills_design-like,installing-brand-design-skills,/mnt/e/dangerous_skills/design-like,completed,低风险,low,0,low,weakly_suspicious,partial,completed_full,,,adapter_backed,adapter_backed,blocked,unknown,unknown,unsafe_command_construction,tool_selection,trigger_incomplete,file_write|process_spawn|shell_execution,requires_web_platform|requires_external_api_key|requires_interactive_prompting|requires_messaging_stack,True,2026-04-27T04:26:05.404849+00:00,2026-04-27T04:26:17.276193+00:00
mnt_e_dangerous_skills_design-system-cli,design-system-cli,/mnt/e/dangerous_skills/design-system-cli,completed,低风险,low,0,low,weakly_suspicious,partial,completed_full,,,adapter_backed,adapter_backed,blocked,unknown,unknown,ambiguous_connected_workflow,mixed,trigger_incomplete,file_write|process_spawn,requires_browser|requires_web_platform|requires_external_api_key|requires_heavy_runtime|requires_interactive_prompting|requires_local_helper_tooling|requires_messaging_stack,True,2026-04-27T04:26:17.441316+00:00,2026-04-27T04:26:40.727175+00:00
mnt_e_dangerous_skills_desktop-agent,Desktop Control,/mnt/e/dangerous_skills/desktop-agent,completed,低风险,low,0,medium,weakly_suspicious,partial,completed_full,,,browser_lightweight,browser_lightweight,ready,unknown,unknown,unsafe_command_construction,tool_selection,trigger_incomplete,process_spawn|shell_execution,requires_browser|requires_web_platform|requires_interactive_prompting|requires_local_helper_tooling,True,2026-04-27T04:26:40.899760+00:00,2026-04-27T04:26:53.211466+00:00
mnt_e_dangerous_skills_destructive_command_guard,dcg,/mnt/e/dangerous_skills/destructive_command_guard,completed,低风险,low,0,medium,benign_like,partial,completed_full,,,base_lightweight,base_lightweight,ready,unknown,unknown,insufficient_context,authored_skill_logic,trigger_incomplete,file_write,requires_web_platform|requires_local_helper_tooling,True,2026-04-27T04:26:53.368248+00:00,2026-04-27T04:27:43.163292+00:00
mnt_e_dangerous_skills_devhelper_skills_api-mock-server,api-mock-server,/mnt/e/dangerous_skills/devhelper/skills/api-mock-server,skipped,,,,low,benign_like,partial,skipped_bounded,auth_or_external_account_required,auth_or_external_account_required,adapter_backed,base_lightweight,blocked,unknown,unknown,insufficient_context,authored_skill_logic,static_only,,requires_web_platform|requires_oauth_or_login|requires_external_api_key|requires_local_helper_tooling,True,2026-04-27T04:27:43.814764+00:00,2026-04-27T04:27:43.814785+00:00
mnt_e_dangerous_skills_devhelper_skills_chrome-bookmark-reader,chrome-bookmark-reader,/mnt/e/dangerous_skills/devhelper/skills/chrome-bookmark-reader,completed,低风险,low,0,low,benign_like,partial,completed_full,,,base_lightweight,base_lightweight,ready,unknown,unknown,insufficient_context,authored_skill_logic,trigger_incomplete,,,True,2026-04-27T04:27:44.111781+00:00,2026-04-27T04:27:59.109594+00:00
mnt_e_dangerous_skills_digisign-skill,digisign,/mnt/e/dangerous_skills/digisign-skill,skipped,,,,low,benign_like,partial,skipped_bounded,auth_or_external_account_required,auth_or_external_account_required,adapter_backed,adapter_backed,blocked,unknown,unknown,insufficient_context,authored_skill_logic,static_only,,requires_web_platform|requires_oauth_or_login|requires_external_api_key|requires_callback_or_webhook|requires_user_supplied_artifact|requires_interactive_prompting|requires_local_helper_tooling|requires_document_or_office_stack|requires_messaging_stack,True,2026-04-27T04:28:00.071644+00:00,2026-04-27T04:28:00.071668+00:00
mnt_e_dangerous_skills_dinachiui_skills_dinachi-assistant,dinachi-assistant,/mnt/e/dangerous_skills/dinachiui/skills/dinachi-assistant,completed,低风险,low,0,low,weakly_suspicious,partial,completed_full,,,base_lightweight,base_lightweight,ready,skill_design,unsafe_command_construction,unsafe_command_construction,tool_selection,trigger_incomplete,process_spawn|shell_execution,requires_local_helper_tooling,True,2026-04-27T04:28:00.502114+00:00,2026-04-27T04:28:11.531804+00:00
mnt_e_dangerous_skills_dingtalk-api,dingtalk-api,/mnt/e/dangerous_skills/dingtalk-api,completed,低风险,low,0,medium,weakly_suspicious,partial,completed_full,,,adapter_backed,adapter_backed,blocked,skill_design,unsafe_command_construction,unsafe_command_construction,tool_selection,trigger_incomplete,file_write|process_spawn|shell_execution,requires_web_platform|requires_external_api_key|requires_local_helper_tooling|requires_messaging_stack,True,2026-04-27T04:28:11.698954+00:00,2026-04-27T04:28:33.038994+00:00
mnt_e_dangerous_skills_discord-voice,discord-voice,/mnt/e/dangerous_skills/discord-voice,skipped,,,,medium,benign_like,partial,skipped_bounded,auth_or_external_account_required,auth_or_external_account_required,adapter_backed,adapter_backed,blocked,unknown,unknown,insufficient_context,authored_skill_logic,static_only,,requires_web_platform|requires_oauth_or_login|requires_external_api_key|requires_long_horizon_task|requires_local_helper_tooling|requires_messaging_stack,True,2026-04-27T04:28:33.498590+00:00,2026-04-27T04:28:33.498611+00:00
mnt_e_dangerous_skills_docmost-cli,docmost,/mnt/e/dangerous_skills/docmost-cli,skipped,,,,medium,benign_like,partial,skipped_bounded,auth_or_external_account_required,auth_or_external_account_required,adapter_backed,adapter_backed,blocked,unknown,unknown,insufficient_context,authored_skill_logic,static_only,,requires_browser|requires_web_platform|requires_oauth_or_login|requires_external_api_key|requires_user_supplied_artifact|requires_local_helper_tooling|requires_document_or_office_stack|requires_messaging_stack,True,2026-04-27T04:28:34.017839+00:00,2026-04-27T04:28:34.017863+00:00
mnt_e_dangerous_skills_document-illustrator-skill,document-illustrator,/mnt/e/dangerous_skills/document-illustrator-skill,skipped,,,,low,benign_like,partial,skipped_bounded,auth_or_external_account_required,auth_or_external_account_required,adapter_backed,adapter_backed,blocked,unknown,unknown,insufficient_context,authored_skill_logic,static_only,,requires_oauth_or_login|requires_external_api_key|requires_local_helper_tooling|requires_document_or_office_stack,True,2026-04-27T04:28:34.620768+00:00,2026-04-27T04:28:34.620798+00:00
mnt_e_dangerous_skills_dollar-platoon,dollar-platoon,/mnt/e/dangerous_skills/dollar-platoon,skipped,,,,low,benign_like,partial,skipped_bounded,auth_or_external_account_required,auth_or_external_account_required,adapter_backed,adapter_backed,blocked,unknown,unknown,insufficient_context,authored_skill_logic,static_only,,requires_web_platform|requires_oauth_or_login|requires_external_api_key|requires_callback_or_webhook|requires_long_horizon_task|requires_user_supplied_artifact|requires_document_or_office_stack|requires_messaging_stack,True,2026-04-27T04:28:35.216538+00:00,2026-04-27T04:28:35.216563+00:00
mnt_e_dangerous_skills_domain-puppy,domain-puppy,/mnt/e/dangerous_skills/domain-puppy,completed,低风险,low,0,low,benign_like,partial,completed_full,,,browser_lightweight,browser_lightweight,ready,unknown,unknown,insufficient_context,authored_skill_logic,trigger_incomplete,,requires_browser|requires_web_platform|requires_interactive_prompting,True,2026-04-27T04:28:35.420893+00:00,2026-04-27T04:28:45.245630+00:00
mnt_e_dangerous_skills_domain-shark,domain-puppy,/mnt/e/dangerous_skills/domain-shark,completed,低风险,low,0,low,benign_like,partial,completed_full,,,browser_lightweight,browser_lightweight,ready,unknown,unknown,insufficient_context,authored_skill_logic,trigger_incomplete,,requires_browser|requires_web_platform|requires_interactive_prompting,True,2026-04-27T04:28:45.417375+00:00,2026-04-27T04:28:55.811331+00:00
mnt_e_dangerous_skills_dotenc_skills_dotenc,dotenc,/mnt/e/dangerous_skills/dotenc/skills/dotenc,completed,低风险,low,0,medium,benign_like,partial,completed_full,,,base_lightweight,base_lightweight,ready,unknown,unknown,insufficient_context,authored_skill_logic,trigger_incomplete,,requires_web_platform|requires_interactive_prompting,True,2026-04-27T04:28:56.103993+00:00,2026-04-27T04:29:05.854913+00:00
mnt_e_dangerous_skills_dotlottie-web,dotlottie-web,/mnt/e/dangerous_skills/dotlottie-web,completed,低风险,low,0,low,benign_like,partial,completed_full,,,adapter_backed,adapter_backed,blocked,unknown,unknown,insufficient_context,authored_skill_logic,trigger_incomplete,file_write,requires_browser|requires_callback_or_webhook|requires_heavy_runtime|requires_interactive_prompting|requires_local_helper_tooling,True,2026-04-27T04:29:06.017001+00:00,2026-04-27T04:29:50.512836+00:00
mnt_e_dangerous_skills_douban-sync-skill,douban-sync,/mnt/e/dangerous_skills/douban-sync-skill,skipped,,,,low,benign_like,partial,skipped_bounded,auth_or_external_account_required,auth_or_external_account_required,browser_lightweight,browser_lightweight,blocked,unknown,unknown,insufficient_context,authored_skill_logic,static_only,,requires_browser|requires_web_platform|requires_oauth_or_login|requires_long_horizon_task|requires_local_helper_tooling,True,2026-04-27T04:29:50.906523+00:00,2026-04-27T04:29:50.906545+00:00
mnt_e_dangerous_skills_ecommerce-competitor-analyzer,ecommerce-competitor-analyzer,/mnt/e/dangerous_skills/ecommerce-competitor-analyzer,skipped,,,,low,benign_like,partial,skipped_bounded,auth_or_external_account_required,auth_or_external_account_required,adapter_backed,base_lightweight,blocked,unknown,unknown,insufficient_context,authored_skill_logic,static_only,,requires_web_platform|requires_oauth_or_login|requires_external_api_key|requires_local_helper_tooling,True,2026-04-27T04:29:51.474647+00:00,2026-04-27T04:29:51.474673+00:00
mnt_e_dangerous_skills_eigen-skills,eigen-skills,/mnt/e/dangerous_skills/eigen-skills,skipped,,,,medium,benign_like,partial,skipped_bounded,auth_or_external_account_required,auth_or_external_account_required,adapter_backed,base_lightweight,blocked,unknown,unknown,insufficient_context,authored_skill_logic,static_only,,requires_oauth_or_login|requires_long_horizon_task|requires_interactive_prompting|requires_local_helper_tooling,True,2026-04-27T04:29:51.995193+00:00,2026-04-27T04:29:51.995215+00:00
mnt_e_dangerous_skills_eigen-skills_skills_eigen-avs,eigen-avs,/mnt/e/dangerous_skills/eigen-skills/skills/eigen-avs,completed,低风险,low,0,low,weakly_suspicious,partial,completed_full,,,base_lightweight,base_lightweight,conditional,llm_decision,llm_decision_induced_action,ambiguous_connected_workflow,mixed,trigger_incomplete,network_access,requires_web_platform|requires_external_api_key|requires_local_helper_tooling,True,2026-04-27T04:29:52.310713+00:00,2026-04-27T04:30:18.484365+00:00
mnt_e_dangerous_skills_eigen-skills_skills_eigen-compute,eigen-compute,/mnt/e/dangerous_skills/eigen-skills/skills/eigen-compute,skipped,,,,medium,benign_like,partial,skipped_bounded,auth_or_external_account_required,auth_or_external_account_required,adapter_backed,adapter_backed,blocked,unknown,unknown,insufficient_context,authored_skill_logic,static_only,,requires_oauth_or_login|requires_callback_or_webhook|requires_long_horizon_task|requires_local_helper_tooling,True,2026-04-27T04:30:19.138443+00:00,2026-04-27T04:30:19.138464+00:00
mnt_e_dangerous_skills_eigen-skills_skills_eigen-da,eigen-da,/mnt/e/dangerous_skills/eigen-skills/skills/eigen-da,completed,低风险,low,0,low,benign_like,partial,completed_full,,,base_lightweight,base_lightweight,ready,unknown,unknown,insufficient_context,authored_skill_logic,trigger_incomplete,,requires_web_platform|requires_local_helper_tooling,True,2026-04-27T04:30:19.418504+00:00,2026-04-27T04:30:28.301389+00:00
mnt_e_dangerous_skills_eigen-skills_skills_eigen-delegation,eigen-delegation,/mnt/e/dangerous_skills/eigen-skills/skills/eigen-delegation,completed,低风险,low,0,low,weakly_suspicious,partial,completed_full,,,base_lightweight,base_lightweight,conditional,llm_decision,llm_decision_induced_action,ambiguous_connected_workflow,mixed,trigger_incomplete,network_access,requires_web_platform|requires_external_api_key|requires_local_helper_tooling,True,2026-04-27T04:30:28.677904+00:00,2026-04-27T04:30:43.937132+00:00
mnt_e_dangerous_skills_eigen-skills_skills_eigen-restaking,eigen-restaking,/mnt/e/dangerous_skills/eigen-skills/skills/eigen-restaking,completed,低风险,low,0,low,weakly_suspicious,partial,completed_full,,,base_lightweight,base_lightweight,conditional,unknown,unknown,unsafe_command_construction,tool_selection,trigger_incomplete,process_spawn|shell_execution,requires_web_platform|requires_external_api_key|requires_local_helper_tooling,True,2026-04-27T04:30:44.185761+00:00,2026-04-27T04:30:54.262393+00:00
mnt_e_dangerous_skills_eigen-skills_skills_eigen-rewards,eigen-rewards,/mnt/e/dangerous_skills/eigen-skills/skills/eigen-rewards,completed,低风险,low,0,low,weakly_suspicious,partial,completed_full,,,base_lightweight,base_lightweight,conditional,llm_decision,llm_decision_induced_action,ambiguous_connected_workflow,mixed,trigger_incomplete,network_access,requires_web_platform|requires_external_api_key|requires_local_helper_tooling,True,2026-04-27T04:30:54.588731+00:00,2026-04-27T04:31:07.673273+00:00
mnt_e_dangerous_skills_elevenlabs-remotion-skill,elevenlabs-remotion,/mnt/e/dangerous_skills/elevenlabs-remotion-skill,completed,低风险,low,0,low,benign_like,partial,completed_full,,,base_lightweight,base_lightweight,conditional,unknown,unknown,insufficient_context,authored_skill_logic,trigger_incomplete,,requires_external_api_key,True,2026-04-27T04:31:07.852338+00:00,2026-04-27T04:31:19.878021+00:00
mnt_e_dangerous_skills_elite-longterm-memory,elite-longterm-memory,/mnt/e/dangerous_skills/elite-longterm-memory,completed,低风险,low,0,low,weakly_suspicious,partial,completed_full,,,base_lightweight,base_lightweight,conditional,skill_design,unsafe_command_construction,unsafe_command_construction,tool_selection,trigger_incomplete,process_spawn|shell_execution,requires_web_platform|requires_external_api_key,True,2026-04-27T04:31:20.051308+00:00,2026-04-27T04:31:42.439921+00:00
mnt_e_dangerous_skills_es-fetch-api,es-fetch-api,/mnt/e/dangerous_skills/es-fetch-api,skipped,,,,low,benign_like,partial,skipped_bounded,auth_or_external_account_required,auth_or_external_account_required,adapter_backed,base_lightweight,blocked,unknown,unknown,insufficient_context,authored_skill_logic,static_only,,requires_web_platform|requires_oauth_or_login|requires_external_api_key|requires_user_supplied_artifact,True,2026-04-27T04:31:42.878500+00:00,2026-04-27T04:31:42.878525+00:00
mnt_e_dangerous_skills_eternal-memory-skill,eternal-memory,/mnt/e/dangerous_skills/eternal-memory-skill,completed,低风险,low,0,low,weakly_suspicious,partial,completed_full,,,base_lightweight,base_lightweight,ready,skill_design,unsafe_command_construction,unsafe_command_construction,tool_selection,trigger_incomplete,process_spawn|shell_execution,requires_long_horizon_task|requires_local_helper_tooling,True,2026-04-27T04:31:43.128163+00:00,2026-04-27T04:31:54.506447+00:00
mnt_e_dangerous_skills_ethereum-gas-tracker-abxf0,ethereum-gas-tracker,/mnt/e/dangerous_skills/ethereum-gas-tracker-abxf0,completed,严重风险,critical,100,critical,severe_risk,chain_backed,completed_full,,,adapter_backed,adapter_backed,blocked,llm_decision,llm_decision_induced_action,unsafe_dataflow_design,mixed,trigger_incomplete,file_write|network_access,requires_web_platform|requires_external_api_key|requires_long_horizon_task|requires_messaging_stack,True,2026-04-27T04:31:54.697613+00:00,2026-04-27T04:32:08.652229+00:00
mnt_e_dangerous_skills_evolver,capability-evolver,/mnt/e/dangerous_skills/evolver,completed,低风险,low,0,low,benign_like,partial,completed_full,,,base_lightweight,base_lightweight,conditional,unknown,unknown,insufficient_context,authored_skill_logic,trigger_incomplete,,requires_web_platform|requires_external_api_key|requires_local_helper_tooling,True,2026-04-27T04:32:08.809456+00:00,2026-04-27T04:32:21.420431+00:00
mnt_e_dangerous_skills_excalidraw-diagrams,excalidraw-diagrams,/mnt/e/dangerous_skills/excalidraw-diagrams,skipped,,,,low,benign_like,partial,skipped_bounded,auth_or_external_account_required,auth_or_external_account_required,adapter_backed,adapter_backed,blocked,unknown,unknown,insufficient_context,authored_skill_logic,static_only,,requires_browser|requires_web_platform|requires_oauth_or_login|requires_external_api_key|requires_user_supplied_artifact|requires_local_helper_tooling|requires_document_or_office_stack|requires_messaging_stack,True,2026-04-27T04:32:22.321110+00:00,2026-04-27T04:32:22.321133+00:00
mnt_e_dangerous_skills_excel-parser-skill,excel-parser,/mnt/e/dangerous_skills/excel-parser-skill,completed,低风险,low,0,low,weakly_suspicious,partial,completed_full,,,adapter_backed,adapter_backed,blocked,skill_design,unsafe_command_construction,unsafe_command_construction,tool_selection,trigger_incomplete,file_write|process_spawn|shell_execution,requires_local_helper_tooling|requires_document_or_office_stack,True,2026-04-27T04:32:22.532417+00:00,2026-04-27T04:32:44.562638+00:00
mnt_e_dangerous_skills_expo-build-preflight_expo-build-preflight,expo-build-preflight,/mnt/e/dangerous_skills/expo-build-preflight/expo-build-preflight,completed,低风险,low,0,low,benign_like,partial,completed_full,,,base_lightweight,base_lightweight,ready,unknown,unknown,insufficient_context,authored_skill_logic,trigger_incomplete,,requires_local_helper_tooling,True,2026-04-27T04:32:44.778850+00:00,2026-04-27T04:32:53.097920+00:00
mnt_e_dangerous_skills_extendo-cli,extendo-cli,/mnt/e/dangerous_skills/extendo-cli,skipped,,,,low,benign_like,partial,skipped_bounded,auth_or_external_account_required,auth_or_external_account_required,adapter_backed,adapter_backed,blocked,unknown,unknown,insufficient_context,authored_skill_logic,static_only,,requires_web_platform|requires_oauth_or_login|requires_external_api_key|requires_local_helper_tooling|requires_messaging_stack,True,2026-04-27T04:32:53.638700+00:00,2026-04-27T04:32:53.638729+00:00
mnt_e_dangerous_skills_external-subagents,codex-subagents,/mnt/e/dangerous_skills/external-subagents,skipped,,,,low,benign_like,partial,skipped_bounded,auth_or_external_account_required,auth_or_external_account_required,adapter_backed,adapter_backed,blocked,unknown,unknown,insufficient_context,authored_skill_logic,static_only,,requires_oauth_or_login|requires_long_horizon_task|requires_messaging_stack,True,2026-04-27T04:32:54.048406+00:00,2026-04-27T04:32:54.048427+00:00
mnt_e_dangerous_skills_fast-api,fast-skill,/mnt/e/dangerous_skills/fast-api,skipped,,,,low,benign_like,partial,skipped_bounded,auth_or_external_account_required,auth_or_external_account_required,browser_lightweight,browser_lightweight,blocked,unknown,unknown,insufficient_context,authored_skill_logic,static_only,,requires_browser|requires_web_platform|requires_oauth_or_login|requires_external_api_key|requires_local_helper_tooling,True,2026-04-27T04:32:54.575905+00:00,2026-04-27T04:32:54.575961+00:00
mnt_e_dangerous_skills_fdk_file_fetcher,fdk-file-fetcher,/mnt/e/dangerous_skills/fdk_file_fetcher,completed,低风险,low,0,medium,weakly_suspicious,partial,completed_full,,,base_lightweight,base_lightweight,ready,unknown,unknown,unsafe_command_construction,tool_selection,trigger_incomplete,process_spawn|shell_execution,requires_local_helper_tooling,True,2026-04-27T04:32:54.812956+00:00,2026-04-27T04:33:08.260006+00:00
mnt_e_dangerous_skills_feishu-doc-reader,feishu-doc-reader,/mnt/e/dangerous_skills/feishu-doc-reader,completed,低风险,low,0,low,benign_like,partial,completed_full,,,adapter_backed,adapter_backed,blocked,unknown,unknown,insufficient_context,authored_skill_logic,trigger_incomplete,file_write,requires_web_platform|requires_external_api_key|requires_local_helper_tooling|requires_document_or_office_stack|requires_messaging_stack,True,2026-04-27T04:33:08.418697+00:00,2026-04-27T04:33:29.967498+00:00
mnt_e_dangerous_skills_feishu-evolver-wrapper,feishu-evolver-wrapper,/mnt/e/dangerous_skills/feishu-evolver-wrapper,completed,低风险,low,0,low,benign_like,partial,completed_full,,,adapter_backed,adapter_backed,blocked,unknown,unknown,insufficient_context,authored_skill_logic,trigger_incomplete,file_write,requires_long_horizon_task|requires_messaging_stack,True,2026-04-27T04:33:30.169307+00:00,2026-04-27T04:33:41.996256+00:00
mnt_e_dangerous_skills_feishu-interactive-cards,feishu-interactive-cards,/mnt/e/dangerous_skills/feishu-interactive-cards,completed,低风险,low,0,low,benign_like,partial,completed_full,,,adapter_backed,adapter_backed,blocked,unknown,unknown,insufficient_context,authored_skill_logic,trigger_incomplete,file_write,requires_external_api_key|requires_callback_or_webhook|requires_interactive_prompting|requires_local_helper_tooling|requires_messaging_stack,True,2026-04-27T04:33:42.226950+00:00,2026-04-27T04:35:19.785785+00:00
mnt_e_dangerous_skills_feishu-message,Feishu Audio Message,/mnt/e/dangerous_skills/feishu-message,completed,低风险,low,0,low,benign_like,partial,completed_full,,,adapter_backed,adapter_backed,blocked,unknown,unknown,insufficient_context,authored_skill_logic,trigger_incomplete,file_write,requires_external_api_key|requires_user_supplied_artifact|requires_local_helper_tooling|requires_messaging_stack,True,2026-04-27T04:35:19.965568+00:00,2026-04-27T04:35:33.146744+00:00
mnt_e_dangerous_skills_figma-use,figma-use,/mnt/e/dangerous_skills/figma-use,completed,低风险,low,0,medium,benign_like,partial,completed_full,,,deep_execution,deep_execution,conditional,unknown,unknown,insufficient_context,authored_skill_logic,trigger_incomplete,file_write,requires_web_platform|requires_external_api_key|requires_long_horizon_task|requires_interactive_prompting|requires_local_helper_tooling,True,2026-04-27T04:35:33.306431+00:00,2026-04-27T04:35:57.029246+00:00
mnt_e_dangerous_skills_finance-report-analyzer,finance-report-analyzer,/mnt/e/dangerous_skills/finance-report-analyzer,completed,低风险,low,0,low,benign_like,partial,completed_full,,,adapter_backed,adapter_backed,blocked,unknown,unknown,insufficient_context,authored_skill_logic,trigger_incomplete,file_write,requires_web_platform|requires_external_api_key|requires_user_supplied_artifact|requires_interactive_prompting|requires_local_helper_tooling|requires_document_or_office_stack|requires_messaging_stack,True,2026-04-27T04:35:57.197731+00:00,2026-04-27T04:36:10.699797+00:00
mnt_e_dangerous_skills_flap-skills,flapskill,/mnt/e/dangerous_skills/flap-skills,completed,低风险,low,0,medium,benign_like,partial,completed_full,,,adapter_backed,adapter_backed,blocked,unknown,unknown,insufficient_context,authored_skill_logic,trigger_incomplete,file_write,requires_web_platform|requires_external_api_key|requires_user_supplied_artifact|requires_local_helper_tooling|requires_messaging_stack,True,2026-04-27T04:36:10.874784+00:00,2026-04-27T04:36:44.823758+00:00
mnt_e_dangerous_skills_flipside-tools_skills_flipside,flipside,/mnt/e/dangerous_skills/flipside-tools/skills/flipside,skipped,,,,medium,benign_like,partial,skipped_bounded,auth_or_external_account_required,auth_or_external_account_required,adapter_backed,base_lightweight,blocked,unknown,unknown,insufficient_context,authored_skill_logic,static_only,,requires_web_platform|requires_oauth_or_login|requires_external_api_key|requires_local_helper_tooling,True,2026-04-27T04:36:45.657104+00:00,2026-04-27T04:36:45.657125+00:00
mnt_e_dangerous_skills_flow,flow,/mnt/e/dangerous_skills/flow,completed,低风险,low,0,low,benign_like,partial,completed_full,,,base_lightweight,base_lightweight,ready,unknown,unknown,insufficient_context,authored_skill_logic,trigger_incomplete,,requires_long_horizon_task|requires_heavy_runtime|requires_interactive_prompting,True,2026-04-27T04:36:45.820995+00:00,2026-04-27T04:38:30.292660+00:00
mnt_e_dangerous_skills_four-meme-ai_skills_four-meme-integration,four-meme-ai,/mnt/e/dangerous_skills/four-meme-ai/skills/four-meme-integration,skipped,,,,medium,benign_like,partial,skipped_bounded,auth_or_external_account_required,auth_or_external_account_required,adapter_backed,adapter_backed,blocked,unknown,unknown,insufficient_context,authored_skill_logic,static_only,,requires_browser|requires_web_platform|requires_oauth_or_login|requires_external_api_key|requires_user_supplied_artifact|requires_interactive_prompting|requires_local_helper_tooling|requires_messaging_stack,True,2026-04-27T04:38:31.097169+00:00,2026-04-27T04:38:31.097191+00:00
mnt_e_dangerous_skills_free-zimage-skills,zimage-generation,/mnt/e/dangerous_skills/free-zimage-skills,completed,低风险,low,0,low,benign_like,partial,completed_full,,,base_lightweight,base_lightweight,conditional,unknown,unknown,insufficient_context,authored_skill_logic,trigger_incomplete,,requires_external_api_key|requires_local_helper_tooling,True,2026-04-27T04:38:31.366544+00:00,2026-04-27T04:39:06.550878+00:00
mnt_e_dangerous_skills_frontend-design,frontend-design,/mnt/e/dangerous_skills/frontend-design,completed,低风险,low,0,medium,benign_like,partial,completed_full,,,browser_lightweight,browser_lightweight,conditional,unknown,unknown,insufficient_context,authored_skill_logic,trigger_incomplete,,requires_browser|requires_web_platform|requires_user_supplied_artifact|requires_interactive_prompting,True,2026-04-27T04:39:06.752963+00:00,2026-04-27T04:40:11.743646+00:00
mnt_e_dangerous_skills_gemini-cli-skill_skills_gemini-cli,gemini-cli,/mnt/e/dangerous_skills/gemini-cli-skill/skills/gemini-cli,completed,低风险,low,0,low,benign_like,partial,completed_full,,,base_lightweight,base_lightweight,ready,unknown,unknown,insufficient_context,authored_skill_logic,trigger_incomplete,,requires_local_helper_tooling,True,2026-04-27T04:40:12.115896+00:00,2026-04-27T04:40:30.709533+00:00
mnt_e_dangerous_skills_gemini-image-generation,gemini-image-generation,/mnt/e/dangerous_skills/gemini-image-generation,completed,低风险,low,0,low,benign_like,partial,completed_full,,,adapter_backed,adapter_backed,blocked,unknown,unknown,insufficient_context,authored_skill_logic,trigger_incomplete,file_write,requires_web_platform|requires_external_api_key|requires_local_helper_tooling|requires_document_or_office_stack,True,2026-04-27T04:40:30.928086+00:00,2026-04-27T04:40:44.302487+00:00
mnt_e_dangerous_skills_get-biji,get-biji,/mnt/e/dangerous_skills/get-biji,completed,低风险,low,0,low,weakly_suspicious,partial,completed_full,,,browser_lightweight,browser_lightweight,conditional,skill_design,unsafe_command_construction,unsafe_command_construction,tool_selection,trigger_incomplete,process_spawn|shell_execution,requires_browser|requires_external_api_key|requires_heavy_runtime|requires_local_helper_tooling,True,2026-04-27T04:40:44.480010+00:00,2026-04-27T04:41:12.423297+00:00
mnt_e_dangerous_skills_gh-vet,gh-vet,/mnt/e/dangerous_skills/gh-vet,completed,低风险,low,0,low,benign_like,partial,completed_full,,,base_lightweight,base_lightweight,ready,unknown,unknown,insufficient_context,authored_skill_logic,trigger_incomplete,,,True,2026-04-27T04:41:12.621758+00:00,2026-04-27T04:41:24.868016+00:00
mnt_e_dangerous_skills_git-workflow-skill_skills_git-workflow,git-workflow,/mnt/e/dangerous_skills/git-workflow-skill/skills/git-workflow,completed,低风险,low,0,low,benign_like,partial,completed_full,,,base_lightweight,base_lightweight,ready,unknown,unknown,insufficient_context,authored_skill_logic,trigger_incomplete,file_write,requires_local_helper_tooling,True,2026-04-27T04:41:25.173282+00:00,2026-04-27T04:42:04.419805+00:00
mnt_e_dangerous_skills_github-skill-forge_github-skill-forge,github-skill-forge,/mnt/e/dangerous_skills/github-skill-forge/github-skill-forge,completed,低风险,low,0,low,weakly_suspicious,partial,completed_full,,,base_lightweight,base_lightweight,ready,unknown,unknown,unsafe_command_construction,tool_selection,trigger_incomplete,file_write|process_spawn|shell_execution,requires_web_platform|requires_local_helper_tooling,True,2026-04-27T04:42:04.629731+00:00,2026-04-27T04:43:21.891767+00:00
mnt_e_dangerous_skills_github-trending-daily-report_github-trending-daily-report,github-trending-daily-report,/mnt/e/dangerous_skills/github-trending-daily-report/github-trending-daily-report,completed,低风险,low,0,critical,weakly_suspicious,partial,completed_full,,,base_lightweight,base_lightweight,conditional,skill_design,unsafe_command_construction,unsafe_command_construction,tool_selection,trigger_incomplete,process_spawn|shell_execution,requires_web_platform|requires_external_api_key|requires_long_horizon_task|requires_local_helper_tooling,True,2026-04-27T04:43:22.114537+00:00,2026-04-27T04:43:31.363000+00:00
mnt_e_dangerous_skills_glance,glance,/mnt/e/dangerous_skills/glance,skipped,,,,critical,benign_like,partial,skipped_bounded,auth_or_external_account_required,auth_or_external_account_required,adapter_backed,adapter_backed,blocked,unknown,unknown,insufficient_context,authored_skill_logic,static_only,,requires_browser|requires_web_platform|requires_oauth_or_login|requires_external_api_key|requires_callback_or_webhook|requires_long_horizon_task|requires_interactive_prompting|requires_local_helper_tooling|requires_messaging_stack,True,2026-04-27T04:43:32.026104+00:00,2026-04-27T04:43:32.026126+00:00
mnt_e_dangerous_skills_godspeed-cli_skills_godspeed,godspeed,/mnt/e/dangerous_skills/godspeed-cli/skills/godspeed,skipped,,,,low,benign_like,partial,skipped_bounded,auth_or_external_account_required,auth_or_external_account_required,adapter_backed,base_lightweight,blocked,unknown,unknown,insufficient_context,authored_skill_logic,static_only,,requires_oauth_or_login|requires_external_api_key|requires_interactive_prompting|requires_local_helper_tooling,True,2026-04-27T04:43:32.689236+00:00,2026-04-27T04:43:32.689258+00:00
mnt_e_dangerous_skills_gonggong_hwpxskills,hwpx,/mnt/e/dangerous_skills/gonggong_hwpxskills,completed,低风险,low,0,low,benign_like,partial,completed_full,,,adapter_backed,adapter_backed,blocked,unknown,unknown,insufficient_context,authored_skill_logic,trigger_incomplete,file_write,requires_user_supplied_artifact|requires_local_helper_tooling|requires_document_or_office_stack,True,2026-04-27T04:43:32.892758+00:00,2026-04-27T04:43:42.719224+00:00
mnt_e_dangerous_skills_goodnight-claude,goodnight,/mnt/e/dangerous_skills/goodnight-claude,completed,低风险,low,0,low,weakly_suspicious,partial,completed_full,,,base_lightweight,base_lightweight,ready,skill_design,unsafe_command_construction,unsafe_command_construction,tool_selection,trigger_incomplete,process_spawn|shell_execution,requires_interactive_prompting,True,2026-04-27T04:43:42.874780+00:00,2026-04-27T04:43:56.829131+00:00
mnt_e_dangerous_skills_google-workspace-2z5dp,google-workspace,/mnt/e/dangerous_skills/google-workspace-2z5dp,skipped,,,,medium,benign_like,partial,skipped_bounded,auth_or_external_account_required,auth_or_external_account_required,adapter_backed,adapter_backed,blocked,unknown,unknown,insufficient_context,authored_skill_logic,static_only,,requires_browser|requires_web_platform|requires_oauth_or_login|requires_external_api_key|requires_user_supplied_artifact|requires_document_or_office_stack|requires_messaging_stack,True,2026-04-27T04:43:57.239451+00:00,2026-04-27T04:43:57.239474+00:00
mnt_e_dangerous_skills_gradle-restdoc-generator,axim-restdoc-generator,/mnt/e/dangerous_skills/gradle-restdoc-generator,completed,低风险,low,0,low,benign_like,partial,completed_full,,,base_lightweight,base_lightweight,conditional,unknown,unknown,insufficient_context,authored_skill_logic,trigger_incomplete,,requires_web_platform|requires_external_api_key,True,2026-04-27T04:43:57.425609+00:00,2026-04-27T04:44:14.037370+00:00
mnt_e_dangerous_skills_gram,gram,/mnt/e/dangerous_skills/gram,completed,低风险,low,0,medium,benign_like,partial,completed_full,,,browser_lightweight,browser_lightweight,conditional,unknown,unknown,insufficient_context,authored_skill_logic,trigger_incomplete,,requires_browser|requires_web_platform|requires_external_api_key|requires_local_helper_tooling,True,2026-04-27T04:44:14.240513+00:00,2026-04-27T04:44:25.089695+00:00
mnt_e_dangerous_skills_granola-skill,granola-auth,/mnt/e/dangerous_skills/granola-skill,skipped,,,,low,benign_like,partial,skipped_bounded,auth_or_external_account_required,auth_or_external_account_required,adapter_backed,adapter_backed,blocked,unknown,unknown,insufficient_context,authored_skill_logic,static_only,,requires_browser|requires_oauth_or_login|requires_external_api_key|requires_callback_or_webhook,True,2026-04-27T04:44:25.504233+00:00,2026-04-27T04:44:25.504252+00:00
mnt_e_dangerous_skills_grok-twitter-search,grok-twitter-search,/mnt/e/dangerous_skills/grok-twitter-search,completed,低风险,low,0,medium,benign_like,partial,completed_full,,,base_lightweight,base_lightweight,conditional,unknown,unknown,insufficient_context,authored_skill_logic,trigger_incomplete,,requires_web_platform|requires_external_api_key|requires_interactive_prompting|requires_local_helper_tooling,True,2026-04-27T04:44:27.794981+00:00,2026-04-27T04:46:41.053473+00:00
mnt_e_dangerous_skills_hackathon-skills_skill,initia-appchain-dev,/mnt/e/dangerous_skills/hackathon-skills/skill,skipped,,,,medium,benign_like,partial,skipped_bounded,auth_or_external_account_required,auth_or_external_account_required,browser_lightweight,browser_lightweight,blocked,unknown,unknown,insufficient_context,authored_skill_logic,static_only,,requires_browser|requires_web_platform|requires_oauth_or_login|requires_external_api_key|requires_interactive_prompting|requires_local_helper_tooling,True,2026-04-27T04:46:42.586487+00:00,2026-04-27T04:46:42.586510+00:00
mnt_e_dangerous_skills_handoff,handoff,/mnt/e/dangerous_skills/handoff,completed,低风险,low,0,low,weakly_suspicious,partial,completed_full,,,adapter_backed,adapter_backed,blocked,unknown,unknown,unsafe_command_construction,tool_selection,trigger_incomplete,file_write|process_spawn|shell_execution,requires_web_platform|requires_external_api_key|requires_callback_or_webhook|requires_long_horizon_task|requires_user_supplied_artifact|requires_interactive_prompting|requires_local_helper_tooling|requires_document_or_office_stack|requires_messaging_stack,True,2026-04-27T04:46:42.772663+00:00,2026-04-27T04:47:40.442746+00:00
mnt_e_dangerous_skills_har-debugger-skill,har-debugger,/mnt/e/dangerous_skills/har-debugger-skill,completed,低风险,low,0,low,benign_like,partial,completed_full,,,base_lightweight,base_lightweight,conditional,unknown,unknown,insufficient_context,authored_skill_logic,trigger_incomplete,,requires_web_platform|requires_external_api_key,True,2026-04-27T04:47:40.690702+00:00,2026-04-27T04:47:51.424739+00:00
mnt_e_dangerous_skills_harness-skills_harness-engineering-orchestrator,harness-engineering-orchestrator,/mnt/e/dangerous_skills/harness-skills/harness-engineering-orchestrator,completed,低风险,low,0,low,benign_like,partial,completed_full,,,adapter_backed,adapter_backed,blocked,unknown,unknown,insufficient_context,authored_skill_logic,trigger_incomplete,file_write,requires_browser|requires_web_platform|requires_external_api_key|requires_long_horizon_task|requires_interactive_prompting|requires_local_helper_tooling|requires_messaging_stack,True,2026-04-27T04:47:51.713681+00:00,2026-04-27T04:48:13.645016+00:00
mnt_e_dangerous_skills_harness-skills_harness-engineering-structure,harness-engineering-structure,/mnt/e/dangerous_skills/harness-skills/harness-engineering-structure,completed,低风险,low,0,low,weakly_suspicious,partial,completed_full,,,adapter_backed,adapter_backed,blocked,unknown,unknown,unsafe_command_construction,tool_selection,trigger_incomplete,file_write|process_spawn|shell_execution,requires_web_platform|requires_external_api_key|requires_local_helper_tooling|requires_messaging_stack,True,2026-04-27T04:48:13.932715+00:00,2026-04-27T04:48:32.916935+00:00
mnt_e_dangerous_skills_health_skills_health,health,/mnt/e/dangerous_skills/health/skills/health,completed,低风险,low,0,low,weakly_suspicious,partial,completed_full,,,base_lightweight,base_lightweight,conditional,unknown,unknown,ambiguous_connected_workflow,mixed,trigger_incomplete,process_spawn,requires_web_platform|requires_external_api_key,True,2026-04-27T04:48:33.401061+00:00,2026-04-27T04:50:51.027899+00:00
mnt_e_dangerous_skills_heroui_skills_heroui-migration,heroui-migration,/mnt/e/dangerous_skills/heroui/skills/heroui-migration,completed,低风险,low,0,medium,benign_like,partial,completed_full,,,adapter_backed,adapter_backed,blocked,unknown,unknown,insufficient_context,authored_skill_logic,trigger_incomplete,file_write,requires_web_platform|requires_interactive_prompting|requires_local_helper_tooling|requires_messaging_stack,True,2026-04-27T04:50:51.390506+00:00,2026-04-27T04:53:03.633532+00:00
mnt_e_dangerous_skills_heroui_skills_heroui-native,heroui-native,/mnt/e/dangerous_skills/heroui/skills/heroui-native,completed,低风险,low,0,medium,benign_like,partial,completed_full,,,browser_lightweight,browser_lightweight,ready,unknown,unknown,insufficient_context,authored_skill_logic,trigger_incomplete,,requires_browser|requires_web_platform|requires_local_helper_tooling,True,2026-04-27T04:53:03.977449+00:00,2026-04-27T04:53:12.727742+00:00
mnt_e_dangerous_skills_heroui_skills_heroui-react,heroui-react,/mnt/e/dangerous_skills/heroui/skills/heroui-react,completed,低风险,low,0,medium,benign_like,partial,completed_full,,,base_lightweight,base_lightweight,ready,unknown,unknown,insufficient_context,authored_skill_logic,trigger_incomplete,,requires_web_platform|requires_local_helper_tooling,True,2026-04-27T04:53:13.061276+00:00,2026-04-27T04:53:23.301806+00:00
mnt_e_dangerous_skills_hubspot,hubspot,/mnt/e/dangerous_skills/hubspot,completed,低风险,low,0,medium,weakly_suspicious,partial,completed_full,,,adapter_backed,adapter_backed,blocked,unknown,unknown,unsafe_command_construction,tool_selection,trigger_incomplete,file_write|process_spawn|shell_execution,requires_browser|requires_web_platform|requires_external_api_key|requires_interactive_prompting|requires_messaging_stack,True,2026-04-27T04:53:23.562950+00:00,2026-04-27T04:53:34.610497+00:00
mnt_e_dangerous_skills_huggingface-hub-skill,huggingface-hub,/mnt/e/dangerous_skills/huggingface-hub-skill,skipped,,,,low,benign_like,partial,skipped_bounded,auth_or_external_account_required,auth_or_external_account_required,adapter_backed,adapter_backed,blocked,unknown,unknown,insufficient_context,authored_skill_logic,static_only,,requires_browser|requires_web_platform|requires_oauth_or_login|requires_external_api_key|requires_callback_or_webhook|requires_heavy_runtime|requires_user_supplied_artifact|requires_interactive_prompting,True,2026-04-27T04:53:35.245268+00:00,2026-04-27T04:53:35.245287+00:00
mnt_e_dangerous_skills_humanizer,humanizer,/mnt/e/dangerous_skills/humanizer,completed,低风险,low,0,medium,benign_like,partial,completed_full,,,base_lightweight,base_lightweight,conditional,unknown,unknown,insufficient_context,authored_skill_logic,trigger_incomplete,,requires_web_platform|requires_external_api_key|requires_long_horizon_task|requires_local_helper_tooling,True,2026-04-27T04:53:35.484567+00:00,2026-04-27T04:53:51.556940+00:00
mnt_e_dangerous_skills_ibkrclaw,ibkr-readonly,/mnt/e/dangerous_skills/ibkrclaw,skipped,,,,low,benign_like,partial,skipped_bounded,auth_or_external_account_required,auth_or_external_account_required,adapter_backed,adapter_backed,blocked,unknown,unknown,insufficient_context,authored_skill_logic,static_only,,requires_oauth_or_login|requires_interactive_prompting|requires_local_helper_tooling|requires_messaging_stack,True,2026-04-27T04:53:52.263481+00:00,2026-04-27T04:53:52.263503+00:00
mnt_e_dangerous_skills_iblai-openclaw-router,iblai-router,/mnt/e/dangerous_skills/iblai-openclaw-router,completed,低风险,low,0,low,benign_like,partial,completed_full,,,base_lightweight,base_lightweight,conditional,unknown,unknown,insufficient_context,authored_skill_logic,trigger_incomplete,file_write,requires_web_platform|requires_external_api_key|requires_interactive_prompting|requires_local_helper_tooling,True,2026-04-27T04:53:52.597240+00:00,2026-04-27T04:56:30.036141+00:00
mnt_e_dangerous_skills_iconify-skill,iconify-skill,/mnt/e/dangerous_skills/iconify-skill,completed,低风险,low,0,medium,weakly_suspicious,partial,completed_full,,,base_lightweight,base_lightweight,ready,unknown,unknown,ambiguous_connected_workflow,mixed,trigger_incomplete,process_spawn,requires_local_helper_tooling,True,2026-04-27T04:56:30.417588+00:00,2026-04-27T04:56:44.951111+00:00
mnt_e_dangerous_skills_icp-appgen-skill_icp-appgen,icp-appgen,/mnt/e/dangerous_skills/icp-appgen-skill/icp-appgen,completed,低风险,low,0,low,weakly_suspicious,partial,completed_full,,,base_lightweight,base_lightweight,conditional,unknown,unknown,unsafe_command_construction,tool_selection,trigger_incomplete,file_write|process_spawn|shell_execution,requires_web_platform|requires_external_api_key|requires_long_horizon_task|requires_local_helper_tooling,True,2026-04-27T04:56:45.245956+00:00,2026-04-27T04:59:14.655150+00:00
mnt_e_dangerous_skills_ida-skill,IDA-Skill,/mnt/e/dangerous_skills/ida-skill,completed,低风险,low,0,low,weakly_suspicious,partial,completed_full,,,base_lightweight,base_lightweight,conditional,unknown,unknown,unsafe_command_construction,tool_selection,trigger_incomplete,process_spawn|shell_execution,requires_external_api_key|requires_local_helper_tooling,True,2026-04-27T04:59:14.844047+00:00,2026-04-27T04:59:36.833371+00:00
mnt_e_dangerous_skills_ide-im-skill,ide-im,/mnt/e/dangerous_skills/ide-im-skill,completed,低风险,low,0,medium,weakly_suspicious,partial,completed_full,,,adapter_backed,adapter_backed,blocked,unknown,unknown,unsafe_command_construction,tool_selection,trigger_incomplete,file_write|process_spawn|shell_execution,requires_web_platform|requires_external_api_key|requires_callback_or_webhook|requires_interactive_prompting|requires_local_helper_tooling|requires_messaging_stack,True,2026-04-27T04:59:37.016613+00:00,2026-04-27T04:59:50.521297+00:00
mnt_e_dangerous_skills_inconvo_packages_cli,inconvo-cli,/mnt/e/dangerous_skills/inconvo/packages/cli,completed,低风险,low,0,low,weakly_suspicious,partial,completed_full,,,base_lightweight,base_lightweight,conditional,unknown,unknown,ambiguous_connected_workflow,mixed,trigger_incomplete,process_spawn,requires_web_platform|requires_external_api_key|requires_interactive_prompting|requires_local_helper_tooling,True,2026-04-27T04:59:50.818265+00:00,2026-04-27T05:00:06.442460+00:00
mnt_e_dangerous_skills_incur,incur,/mnt/e/dangerous_skills/incur,skipped,,,,medium,benign_like,partial,skipped_bounded,auth_or_external_account_required,auth_or_external_account_required,adapter_backed,adapter_backed,blocked,unknown,unknown,insufficient_context,authored_skill_logic,static_only,,requires_web_platform|requires_oauth_or_login|requires_external_api_key|requires_messaging_stack,True,2026-04-27T05:00:06.922826+00:00,2026-04-27T05:00:06.922847+00:00
mnt_e_dangerous_skills_insider-wallets-finder-1a7pi,insider-wallets-finder,/mnt/e/dangerous_skills/insider-wallets-finder-1a7pi,completed,低风险,low,0,medium,weakly_suspicious,partial,completed_full,,,base_lightweight,base_lightweight,conditional,skill_design,unsafe_command_construction,unsafe_command_construction,tool_selection,trigger_incomplete,process_spawn|shell_execution,requires_web_platform|requires_external_api_key,True,2026-04-27T05:00:07.092444+00:00,2026-04-27T05:00:31.764933+00:00
mnt_e_dangerous_skills_ios-simulator,ios-simulator,/mnt/e/dangerous_skills/ios-simulator,completed,低风险,low,0,low,weakly_suspicious,partial,completed_full,,,base_lightweight,base_lightweight,conditional,unknown,unknown,unsafe_command_construction,tool_selection,trigger_incomplete,process_spawn|shell_execution,requires_web_platform|requires_external_api_key|requires_local_helper_tooling,True,2026-04-27T05:00:31.970532+00:00,2026-04-27T05:00:43.001837+00:00
mnt_e_dangerous_skills_iterative-planner_src,iterative-planner,/mnt/e/dangerous_skills/iterative-planner/src,skipped,,,,low,benign_like,partial,skipped_bounded,auth_or_external_account_required,auth_or_external_account_required,adapter_backed,base_lightweight,blocked,unknown,unknown,insufficient_context,authored_skill_logic,static_only,,requires_oauth_or_login|requires_local_helper_tooling,True,2026-04-27T05:00:43.666774+00:00,2026-04-27T05:00:43.666797+00:00
mnt_e_dangerous_skills_ixmaps-skills,create-ixmap,/mnt/e/dangerous_skills/ixmaps-skills,completed,低风险,low,0,medium,benign_like,partial,completed_full,,,adapter_backed,adapter_backed,blocked,unknown,unknown,insufficient_context,authored_skill_logic,trigger_incomplete,file_write,requires_browser|requires_web_platform|requires_callback_or_webhook|requires_interactive_prompting,True,2026-04-27T05:00:43.894166+00:00,2026-04-27T05:02:58.290248+00:00
mnt_e_dangerous_skills_java-code-upgrade,java-code-upgrade,/mnt/e/dangerous_skills/java-code-upgrade,completed,低风险,low,0,low,benign_like,partial,completed_full,,,base_lightweight,base_lightweight,ready,unknown,unknown,insufficient_context,authored_skill_logic,trigger_incomplete,,requires_web_platform|requires_interactive_prompting|requires_local_helper_tooling,True,2026-04-27T05:02:58.458446+00:00,2026-04-27T05:03:08.847756+00:00
mnt_e_dangerous_skills_jira-cli_skills_jira-cli,jira-cli,/mnt/e/dangerous_skills/jira-cli/skills/jira-cli,skipped,,,,low,benign_like,partial,skipped_bounded,auth_or_external_account_required,auth_or_external_account_required,adapter_backed,base_lightweight,blocked,unknown,unknown,insufficient_context,authored_skill_logic,static_only,,requires_web_platform|requires_oauth_or_login|requires_local_helper_tooling,True,2026-04-27T05:03:10.960946+00:00,2026-04-27T05:03:10.960967+00:00
mnt_e_dangerous_skills_jskim,jskim,/mnt/e/dangerous_skills/jskim,completed,低风险,low,0,low,benign_like,partial,completed_full,,,base_lightweight,base_lightweight,conditional,unknown,unknown,insufficient_context,authored_skill_logic,trigger_incomplete,,requires_external_api_key|requires_interactive_prompting,True,2026-04-27T05:03:11.137989+00:00,2026-04-27T05:05:23.702326+00:00
mnt_e_dangerous_skills_jules-skill,jules-skill,/mnt/e/dangerous_skills/jules-skill,completed,低风险,low,0,medium,weakly_suspicious,partial,completed_full,,,adapter_backed,adapter_backed,blocked,unknown,unknown,unsafe_command_construction,tool_selection,trigger_incomplete,file_write|process_spawn|shell_execution,requires_web_platform|requires_external_api_key|requires_callback_or_webhook|requires_long_horizon_task|requires_interactive_prompting,True,2026-04-27T05:05:23.885070+00:00,2026-04-27T05:05:35.969554+00:00
mnt_e_dangerous_skills_kaggle-skill_skills_kaggle,kaggle,/mnt/e/dangerous_skills/kaggle-skill/skills/kaggle,completed,低风险,low,0,low,weakly_suspicious,partial,completed_full,,,browser_lightweight,browser_lightweight,conditional,unknown,unknown,ambiguous_connected_workflow,mixed,trigger_incomplete,process_spawn,requires_browser|requires_external_api_key|requires_heavy_runtime|requires_user_supplied_artifact|requires_interactive_prompting,True,2026-04-27T05:05:36.263244+00:00,2026-04-27T05:05:47.277872+00:00
mnt_e_dangerous_skills_kapso-agent-skills_skills_automate-whatsapp,automate-whatsapp,/mnt/e/dangerous_skills/kapso-agent-skills/skills/automate-whatsapp,skipped,,,,low,benign_like,partial,skipped_bounded,auth_or_external_account_required,auth_or_external_account_required,adapter_backed,adapter_backed,blocked,unknown,unknown,insufficient_context,authored_skill_logic,static_only,,requires_web_platform|requires_oauth_or_login|requires_external_api_key|requires_callback_or_webhook|requires_interactive_prompting|requires_local_helper_tooling,True,2026-04-27T05:05:48.089623+00:00,2026-04-27T05:05:48.089644+00:00
mnt_e_dangerous_skills_kapso-agent-skills_skills_integrate-whatsapp,integrate-whatsapp,/mnt/e/dangerous_skills/kapso-agent-skills/skills/integrate-whatsapp,skipped,,,,low,benign_like,partial,skipped_bounded,auth_or_external_account_required,auth_or_external_account_required,adapter_backed,adapter_backed,blocked,unknown,unknown,insufficient_context,authored_skill_logic,static_only,,requires_web_platform|requires_oauth_or_login|requires_external_api_key|requires_callback_or_webhook|requires_user_supplied_artifact|requires_interactive_prompting|requires_local_helper_tooling,True,2026-04-27T05:05:48.978003+00:00,2026-04-27T05:05:48.978028+00:00
mnt_e_dangerous_skills_kapso-agent-skills_skills_observe-whatsapp,observe-whatsapp,/mnt/e/dangerous_skills/kapso-agent-skills/skills/observe-whatsapp,skipped,,,,low,benign_like,partial,skipped_bounded,auth_or_external_account_required,auth_or_external_account_required,adapter_backed,adapter_backed,blocked,unknown,unknown,insufficient_context,authored_skill_logic,static_only,,requires_web_platform|requires_oauth_or_login|requires_external_api_key|requires_callback_or_webhook|requires_local_helper_tooling,True,2026-04-27T05:05:49.786054+00:00,2026-04-27T05:05:49.786079+00:00
mnt_e_dangerous_skills_kata-skills_skills_kata-add-issue,kata-add-issue,/mnt/e/dangerous_skills/kata-skills/skills/kata-add-issue,completed,低风险,low,0,low,weakly_suspicious,partial,completed_full,,,base_lightweight,base_lightweight,conditional,unknown,unknown,ambiguous_connected_workflow,mixed,trigger_incomplete,process_spawn,requires_web_platform|requires_external_api_key|requires_local_helper_tooling,True,2026-04-27T05:05:50.068844+00:00,2026-04-27T05:08:06.203583+00:00
mnt_e_dangerous_skills_kata-skills_skills_kata-add-milestone,kata-add-milestone,/mnt/e/dangerous_skills/kata-skills/skills/kata-add-milestone,skipped,,,,low,benign_like,partial,skipped_bounded,auth_or_external_account_required,auth_or_external_account_required,adapter_backed,adapter_backed,blocked,unknown,unknown,insufficient_context,authored_skill_logic,static_only,,requires_web_platform|requires_oauth_or_login|requires_long_horizon_task|requires_interactive_prompting|requires_local_helper_tooling|requires_messaging_stack,True,2026-04-27T05:08:06.896341+00:00,2026-04-27T05:08:06.896374+00:00
mnt_e_dangerous_skills_kata-skills_skills_kata-add-phase,kata-add-phase,/mnt/e/dangerous_skills/kata-skills/skills/kata-add-phase,completed,低风险,low,0,low,benign_like,partial,completed_full,,,base_lightweight,base_lightweight,ready,unknown,unknown,insufficient_context,authored_skill_logic,trigger_incomplete,,requires_local_helper_tooling,True,2026-04-27T05:08:07.226941+00:00,2026-04-27T05:08:17.878258+00:00
mnt_e_dangerous_skills_kata-skills_skills_kata-audit-milestone,kata-audit-milestone,/mnt/e/dangerous_skills/kata-skills/skills/kata-audit-milestone,skipped,,,,low,benign_like,partial,skipped_bounded,auth_or_external_account_required,auth_or_external_account_required,browser_lightweight,browser_lightweight,blocked,unknown,unknown,insufficient_context,authored_skill_logic,static_only,,requires_browser|requires_web_platform|requires_oauth_or_login|requires_interactive_prompting|requires_local_helper_tooling,True,2026-04-27T05:08:18.721111+00:00,2026-04-27T05:08:18.721132+00:00
mnt_e_dangerous_skills_kata-skills_skills_kata-brainstorm,kata-brainstorm,/mnt/e/dangerous_skills/kata-skills/skills/kata-brainstorm,completed,低风险,low,0,low,weakly_suspicious,partial,completed_full,,,adapter_backed,adapter_backed,blocked,unknown,unknown,ambiguous_connected_workflow,mixed,trigger_incomplete,file_write|process_spawn,requires_web_platform|requires_long_horizon_task|requires_local_helper_tooling|requires_messaging_stack,True,2026-04-27T05:08:19.155658+00:00,2026-04-27T05:08:29.662438+00:00
mnt_e_dangerous_skills_kata-skills_skills_kata-check-issues,kata-check-issues,/mnt/e/dangerous_skills/kata-skills/skills/kata-check-issues,skipped,,,,low,benign_like,partial,skipped_bounded,auth_or_external_account_required,auth_or_external_account_required,browser_lightweight,browser_lightweight,blocked,unknown,unknown,insufficient_context,authored_skill_logic,static_only,,requires_browser|requires_oauth_or_login|requires_external_api_key|requires_local_helper_tooling,True,2026-04-27T05:08:30.598153+00:00,2026-04-27T05:08:30.598184+00:00
mnt_e_dangerous_skills_kata-skills_skills_kata-complete-milestone,kata-complete-milestone,/mnt/e/dangerous_skills/kata-skills/skills/kata-complete-milestone,completed,低风险,low,0,low,benign_like,partial,completed_full,,,base_lightweight,base_lightweight,ready,unknown,unknown,insufficient_context,authored_skill_logic,trigger_incomplete,,requires_web_platform|requires_local_helper_tooling,True,2026-04-27T05:08:31.070560+00:00,2026-04-27T05:09:16.091932+00:00
mnt_e_dangerous_skills_kata-skills_skills_kata-configure-settings,kata-configure-settings,/mnt/e/dangerous_skills/kata-skills/skills/kata-configure-settings,completed,低风险,low,0,low,weakly_suspicious,partial,completed_full,,,base_lightweight,base_lightweight,ready,unknown,unknown,ambiguous_connected_workflow,mixed,trigger_incomplete,process_spawn,requires_web_platform|requires_local_helper_tooling,True,2026-04-27T05:09:16.617650+00:00,2026-04-27T05:09:27.412673+00:00
mnt_e_dangerous_skills_kata-skills_skills_kata-customize,kata-customize,/mnt/e/dangerous_skills/kata-skills/skills/kata-customize,completed,低风险,low,0,low,weakly_suspicious,partial,completed_full,,,base_lightweight,base_lightweight,ready,unknown,unknown,ambiguous_connected_workflow,mixed,trigger_incomplete,process_spawn,requires_interactive_prompting|requires_local_helper_tooling,True,2026-04-27T05:09:27.914003+00:00,2026-04-27T05:09:36.985363+00:00
mnt_e_dangerous_skills_kata-skills_skills_kata-debug,kata-debug,/mnt/e/dangerous_skills/kata-skills/skills/kata-debug,completed,低风险,low,0,low,weakly_suspicious,partial,completed_full,,,base_lightweight,base_lightweight,ready,unknown,unknown,ambiguous_connected_workflow,mixed,trigger_incomplete,process_spawn,requires_local_helper_tooling,True,2026-04-27T05:09:37.387371+00:00,2026-04-27T05:09:46.476077+00:00
mnt_e_dangerous_skills_kata-skills_skills_kata-discuss-phase,kata-discuss-phase,/mnt/e/dangerous_skills/kata-skills/skills/kata-discuss-phase,completed,低风险,low,0,low,benign_like,partial,completed_full,,,base_lightweight,base_lightweight,ready,unknown,unknown,insufficient_context,authored_skill_logic,trigger_incomplete,,requires_web_platform|requires_local_helper_tooling,True,2026-04-27T05:09:46.849580+00:00,2026-04-27T05:09:57.577981+00:00
mnt_e_dangerous_skills_kata-skills_skills_kata-doctor,kata-doctor,/mnt/e/dangerous_skills/kata-skills/skills/kata-doctor,completed,低风险,low,0,low,benign_like,partial,completed_full,,,base_lightweight,base_lightweight,ready,unknown,unknown,insufficient_context,authored_skill_logic,trigger_incomplete,,requires_interactive_prompting|requires_local_helper_tooling,True,2026-04-27T05:09:57.957685+00:00,2026-04-27T05:10:06.975918+00:00
mnt_e_dangerous_skills_kata-skills_skills_kata-execute-phase,kata-execute-phase,/mnt/e/dangerous_skills/kata-skills/skills/kata-execute-phase,completed,低风险,low,0,low,weakly_suspicious,partial,completed_full,,,base_lightweight,base_lightweight,ready,skill_design,unsafe_command_construction,unsafe_command_construction,tool_selection,trigger_incomplete,file_write|process_spawn|shell_execution,requires_web_platform|requires_interactive_prompting|requires_local_helper_tooling,True,2026-04-27T05:10:07.319966+00:00,2026-04-27T05:10:31.688525+00:00
mnt_e_dangerous_skills_kata-skills_skills_kata-execute-quick-task,kata-execute-quick-task,/mnt/e/dangerous_skills/kata-skills/skills/kata-execute-quick-task,completed,低风险,low,0,low,benign_like,partial,completed_full,,,base_lightweight,base_lightweight,ready,unknown,unknown,insufficient_context,authored_skill_logic,trigger_incomplete,,requires_interactive_prompting|requires_local_helper_tooling,True,2026-04-27T05:10:32.017048+00:00,2026-04-27T05:10:42.213550+00:00
mnt_e_dangerous_skills_kata-skills_skills_kata-help,kata-help,/mnt/e/dangerous_skills/kata-skills/skills/kata-help,skipped,,,,low,benign_like,partial,skipped_bounded,auth_or_external_account_required,auth_or_external_account_required,deep_execution,deep_execution,blocked,unknown,unknown,insufficient_context,authored_skill_logic,static_only,,requires_web_platform|requires_oauth_or_login|requires_external_api_key|requires_long_horizon_task|requires_interactive_prompting|requires_local_helper_tooling,True,2026-04-27T05:10:42.988163+00:00,2026-04-27T05:10:42.988186+00:00
mnt_e_dangerous_skills_kata-skills_skills_kata-insert-phase,kata-insert-phase,/mnt/e/dangerous_skills/kata-skills/skills/kata-insert-phase,completed,低风险,low,0,low,benign_like,partial,completed_full,,,base_lightweight,base_lightweight,ready,unknown,unknown,insufficient_context,authored_skill_logic,trigger_incomplete,,requires_local_helper_tooling,True,2026-04-27T05:10:43.399750+00:00,2026-04-27T05:10:53.635482+00:00
mnt_e_dangerous_skills_kata-skills_skills_kata-list-phase-assumptions,kata-list-phase-assumptions,/mnt/e/dangerous_skills/kata-skills/skills/kata-list-phase-assumptions,completed,低风险,low,0,low,benign_like,partial,completed_full,,,base_lightweight,base_lightweight,ready,unknown,unknown,insufficient_context,authored_skill_logic,trigger_incomplete,,requires_local_helper_tooling,True,2026-04-27T05:10:54.074225+00:00,2026-04-27T05:11:04.641180+00:00
mnt_e_dangerous_skills_kata-skills_skills_kata-map-codebase,kata-map-codebase,/mnt/e/dangerous_skills/kata-skills/skills/kata-map-codebase,completed,低风险,low,0,low,weakly_suspicious,partial,completed_full,,,base_lightweight,base_lightweight,ready,skill_design,unsafe_command_construction,unsafe_command_construction,tool_selection,trigger_incomplete,file_write|process_spawn|shell_execution,requires_local_helper_tooling,True,2026-04-27T05:11:04.977656+00:00,2026-04-27T05:11:24.206928+00:00
mnt_e_dangerous_skills_kata-skills_skills_kata-migrate-phases,kata-migrate-phases,/mnt/e/dangerous_skills/kata-skills/skills/kata-migrate-phases,completed,低风险,low,0,low,benign_like,partial,completed_full,,,base_lightweight,base_lightweight,ready,unknown,unknown,insufficient_context,authored_skill_logic,trigger_incomplete,,requires_local_helper_tooling,True,2026-04-27T05:11:24.535643+00:00,2026-04-27T05:11:38.689682+00:00
mnt_e_dangerous_skills_kata-skills_skills_kata-move-phase,kata-move-phase,/mnt/e/dangerous_skills/kata-skills/skills/kata-move-phase,completed,低风险,low,0,low,benign_like,partial,completed_full,,,base_lightweight,base_lightweight,ready,unknown,unknown,insufficient_context,authored_skill_logic,trigger_incomplete,,requires_local_helper_tooling,True,2026-04-27T05:11:38.988392+00:00,2026-04-27T05:11:49.322393+00:00
mnt_e_dangerous_skills_kata-skills_skills_kata-new-project,kata-new-project,/mnt/e/dangerous_skills/kata-skills/skills/kata-new-project,skipped,,,,low,benign_like,partial,skipped_bounded,auth_or_external_account_required,auth_or_external_account_required,adapter_backed,base_lightweight,blocked,unknown,unknown,insufficient_context,authored_skill_logic,static_only,,requires_web_platform|requires_oauth_or_login|requires_external_api_key|requires_interactive_prompting|requires_local_helper_tooling,True,2026-04-27T05:11:49.996905+00:00,2026-04-27T05:11:49.996926+00:00
mnt_e_dangerous_skills_kata-skills_skills_kata-pause-work,kata-pause-work,/mnt/e/dangerous_skills/kata-skills/skills/kata-pause-work,completed,低风险,low,0,low,benign_like,partial,completed_full,,,base_lightweight,base_lightweight,ready,unknown,unknown,insufficient_context,authored_skill_logic,trigger_incomplete,,requires_local_helper_tooling,True,2026-04-27T05:11:50.254475+00:00,2026-04-27T05:11:58.717961+00:00
mnt_e_dangerous_skills_kata-skills_skills_kata-plan-milestone-gaps,kata-plan-milestone-gaps,/mnt/e/dangerous_skills/kata-skills/skills/kata-plan-milestone-gaps,skipped,,,,low,benign_like,partial,skipped_bounded,auth_or_external_account_required,auth_or_external_account_required,adapter_backed,base_lightweight,blocked,unknown,unknown,insufficient_context,authored_skill_logic,static_only,,requires_oauth_or_login|requires_external_api_key|requires_local_helper_tooling,True,2026-04-27T05:11:59.442375+00:00,2026-04-27T05:11:59.442401+00:00
mnt_e_dangerous_skills_kata-skills_skills_kata-plan-phase,kata-plan-phase,/mnt/e/dangerous_skills/kata-skills/skills/kata-plan-phase,completed,低风险,low,0,low,weakly_suspicious,partial,completed_full,,,base_lightweight,base_lightweight,ready,skill_design,unsafe_command_construction,unsafe_command_construction,tool_selection,trigger_incomplete,file_write|process_spawn|shell_execution,requires_web_platform|requires_local_helper_tooling,True,2026-04-27T05:11:59.741325+00:00,2026-04-27T05:12:17.113889+00:00
mnt_e_dangerous_skills_kata-skills_skills_kata-remove-phase,kata-remove-phase,/mnt/e/dangerous_skills/kata-skills/skills/kata-remove-phase,completed,低风险,low,0,low,benign_like,partial,completed_full,,,base_lightweight,base_lightweight,ready,unknown,unknown,insufficient_context,authored_skill_logic,trigger_incomplete,,requires_local_helper_tooling,True,2026-04-27T05:12:17.488811+00:00,2026-04-27T05:12:26.393346+00:00
mnt_e_dangerous_skills_kata-skills_skills_kata-research-phase,kata-research-phase,/mnt/e/dangerous_skills/kata-skills/skills/kata-research-phase,completed,低风险,low,0,low,weakly_suspicious,partial,completed_full,,,base_lightweight,base_lightweight,ready,unknown,unknown,unsafe_command_construction,tool_selection,trigger_incomplete,process_spawn|shell_execution,requires_web_platform|requires_local_helper_tooling,True,2026-04-27T05:12:26.683901+00:00,2026-04-27T05:12:35.828577+00:00
mnt_e_dangerous_skills_kata-skills_skills_kata-resume-work,kata-resume-work,/mnt/e/dangerous_skills/kata-skills/skills/kata-resume-work,completed,低风险,low,0,low,benign_like,partial,completed_full,,,base_lightweight,base_lightweight,ready,unknown,unknown,insufficient_context,authored_skill_logic,trigger_incomplete,,requires_local_helper_tooling,True,2026-04-27T05:12:36.115991+00:00,2026-04-27T05:12:46.969842+00:00
mnt_e_dangerous_skills_kata-skills_skills_kata-review-pull-requests,kata-review-pull-requests,/mnt/e/dangerous_skills/kata-skills/skills/kata-review-pull-requests,completed,低风险,low,0,low,benign_like,partial,completed_full,,,base_lightweight,base_lightweight,ready,unknown,unknown,insufficient_context,authored_skill_logic,trigger_incomplete,,requires_local_helper_tooling,True,2026-04-27T05:12:47.241140+00:00,2026-04-27T05:12:55.948658+00:00
mnt_e_dangerous_skills_kata-skills_skills_kata-set-profile,kata-set-profile,/mnt/e/dangerous_skills/kata-skills/skills/kata-set-profile,completed,低风险,low,0,low,weakly_suspicious,partial,completed_full,,,base_lightweight,base_lightweight,conditional,unknown,unknown,ambiguous_connected_workflow,mixed,trigger_incomplete,process_spawn,requires_external_api_key|requires_local_helper_tooling,True,2026-04-27T05:12:56.237066+00:00,2026-04-27T05:13:05.165136+00:00
mnt_e_dangerous_skills_kata-skills_skills_kata-track-progress,kata-track-progress,/mnt/e/dangerous_skills/kata-skills/skills/kata-track-progress,completed,低风险,low,0,low,weakly_suspicious,partial,completed_full,,,base_lightweight,base_lightweight,ready,skill_design,unsafe_command_construction,unsafe_command_construction,tool_selection,trigger_incomplete,process_spawn|shell_execution,requires_web_platform|requires_local_helper_tooling,True,2026-04-27T05:13:05.437788+00:00,2026-04-27T05:13:18.521697+00:00
mnt_e_dangerous_skills_kata-skills_skills_kata-verify-work,kata-verify-work,/mnt/e/dangerous_skills/kata-skills/skills/kata-verify-work,completed,低风险,low,0,low,benign_like,partial,completed_full,,,browser_lightweight,browser_lightweight,ready,unknown,unknown,insufficient_context,authored_skill_logic,trigger_incomplete,,requires_browser|requires_web_platform|requires_local_helper_tooling,True,2026-04-27T05:13:20.951321+00:00,2026-04-27T05:13:43.812118+00:00
mnt_e_dangerous_skills_kata-skills_skills_kata-whats-new,kata-whats-new,/mnt/e/dangerous_skills/kata-skills/skills/kata-whats-new,completed,低风险,low,0,medium,benign_like,partial,completed_full,,,base_lightweight,base_lightweight,ready,unknown,unknown,insufficient_context,authored_skill_logic,trigger_incomplete,,requires_web_platform|requires_local_helper_tooling,True,2026-04-27T05:13:44.080623+00:00,2026-04-27T05:13:55.361674+00:00
mnt_e_dangerous_skills_knowledge-base-skill,knowledge-base,/mnt/e/dangerous_skills/knowledge-base-skill,completed,低风险,low,0,low,benign_like,partial,completed_full,,,base_lightweight,base_lightweight,ready,unknown,unknown,insufficient_context,authored_skill_logic,trigger_incomplete,,,True,2026-04-27T05:13:55.637276+00:00,2026-04-27T05:14:04.731162+00:00
mnt_e_dangerous_skills_komodo-skill,komodo-skill,/mnt/e/dangerous_skills/komodo-skill,completed,低风险,low,0,low,weakly_suspicious,partial,completed_full,,,base_lightweight,base_lightweight,conditional,unknown,unknown,unsafe_command_construction,tool_selection,trigger_incomplete,process_spawn|shell_execution,requires_web_platform|requires_external_api_key|requires_local_helper_tooling,True,2026-04-27T05:14:04.888328+00:00,2026-04-27T05:14:16.131384+00:00
mnt_e_dangerous_skills_kuaipu-skill,kuaipu-skill,/mnt/e/dangerous_skills/kuaipu-skill,skipped,,,,low,benign_like,partial,skipped_bounded,auth_or_external_account_required,auth_or_external_account_required,browser_lightweight,browser_lightweight,blocked,unknown,unknown,insufficient_context,authored_skill_logic,static_only,,requires_browser|requires_web_platform|requires_oauth_or_login,True,2026-04-27T05:14:16.468393+00:00,2026-04-27T05:14:16.468414+00:00
mnt_e_dangerous_skills_kuzenbo,using-kuzenbo-in-apps,/mnt/e/dangerous_skills/kuzenbo,completed,低风险,low,0,low,benign_like,partial,completed_full,,,base_lightweight,base_lightweight,conditional,unknown,unknown,insufficient_context,authored_skill_logic,trigger_incomplete,,requires_external_api_key|requires_interactive_prompting,True,2026-04-27T05:14:16.625500+00:00,2026-04-27T05:15:23.756510+00:00
mnt_e_dangerous_skills_kysely-postgres-skill,kysely-postgres,/mnt/e/dangerous_skills/kysely-postgres-skill,completed,低风险,low,0,low,benign_like,partial,completed_full,,,adapter_backed,adapter_backed,blocked,unknown,unknown,insufficient_context,authored_skill_logic,trigger_incomplete,file_write,requires_web_platform|requires_callback_or_webhook|requires_messaging_stack,True,2026-04-27T05:15:23.927055+00:00,2026-04-27T05:15:50.577250+00:00
mnt_e_dangerous_skills_langfuse-skills_skills_langfuse-model-list,langfuse-model-list,/mnt/e/dangerous_skills/langfuse-skills/skills/langfuse-model-list,completed,低风险,low,0,low,benign_like,partial,completed_full,,,base_lightweight,base_lightweight,conditional,unknown,unknown,insufficient_context,authored_skill_logic,trigger_incomplete,,requires_web_platform|requires_external_api_key|requires_local_helper_tooling,True,2026-04-27T05:15:50.852806+00:00,2026-04-27T05:15:59.947013+00:00
mnt_e_dangerous_skills_langfuse-skills_skills_langfuse-model-upsert,langfuse-model-upsert,/mnt/e/dangerous_skills/langfuse-skills/skills/langfuse-model-upsert,completed,低风险,low,0,low,weakly_suspicious,partial,completed_full,,,base_lightweight,base_lightweight,conditional,unknown,unknown,ambiguous_connected_workflow,mixed,trigger_incomplete,process_spawn,requires_web_platform|requires_external_api_key|requires_local_helper_tooling,True,2026-04-27T05:16:00.311342+00:00,2026-04-27T05:16:17.297079+00:00
mnt_e_dangerous_skills_langfuse-skills_skills_langfuse-observation-view,langfuse-observation-view,/mnt/e/dangerous_skills/langfuse-skills/skills/langfuse-observation-view,completed,低风险,low,0,low,benign_like,partial,completed_full,,,base_lightweight,base_lightweight,conditional,unknown,unknown,insufficient_context,authored_skill_logic,trigger_incomplete,file_write,requires_web_platform|requires_external_api_key|requires_local_helper_tooling,True,2026-04-27T05:16:17.589258+00:00,2026-04-27T05:16:44.195222+00:00
mnt_e_dangerous_skills_langfuse-skills_skills_langfuse-prompt-list,langfuse-prompt-list,/mnt/e/dangerous_skills/langfuse-skills/skills/langfuse-prompt-list,completed,低风险,low,0,low,benign_like,partial,completed_full,,,base_lightweight,base_lightweight,ready,unknown,unknown,insufficient_context,authored_skill_logic,trigger_incomplete,,requires_web_platform|requires_local_helper_tooling,True,2026-04-27T05:16:44.491079+00:00,2026-04-27T05:16:56.273813+00:00
mnt_e_dangerous_skills_langfuse-skills_skills_langfuse-prompt-upsert,langfuse-prompt-upsert,/mnt/e/dangerous_skills/langfuse-skills/skills/langfuse-prompt-upsert,completed,低风险,low,0,low,weakly_suspicious,partial,completed_full,,,base_lightweight,base_lightweight,ready,unknown,unknown,unsafe_command_construction,tool_selection,trigger_incomplete,process_spawn|shell_execution,requires_web_platform|requires_local_helper_tooling,True,2026-04-27T05:16:56.540901+00:00,2026-04-27T05:17:16.901349+00:00
mnt_e_dangerous_skills_langfuse-skills_skills_langfuse-prompt-view,langfuse-prompt-view,/mnt/e/dangerous_skills/langfuse-skills/skills/langfuse-prompt-view,completed,低风险,low,0,low,benign_like,partial,completed_full,,,base_lightweight,base_lightweight,ready,unknown,unknown,insufficient_context,authored_skill_logic,trigger_incomplete,file_write,requires_web_platform|requires_local_helper_tooling,True,2026-04-27T05:17:17.277384+00:00,2026-04-27T05:18:08.267111+00:00
mnt_e_dangerous_skills_langfuse-skills_skills_langfuse-session-list,langfuse-session-list,/mnt/e/dangerous_skills/langfuse-skills/skills/langfuse-session-list,completed,低风险,low,0,low,benign_like,partial,completed_full,,,base_lightweight,base_lightweight,ready,unknown,unknown,insufficient_context,authored_skill_logic,trigger_incomplete,,requires_web_platform|requires_long_horizon_task|requires_local_helper_tooling,True,2026-04-27T05:18:08.576187+00:00,2026-04-27T05:18:18.660736+00:00
mnt_e_dangerous_skills_langfuse-skills_skills_langfuse-session-view,langfuse-session-view,/mnt/e/dangerous_skills/langfuse-skills/skills/langfuse-session-view,completed,低风险,low,0,low,weakly_suspicious,partial,completed_full,,,base_lightweight,base_lightweight,ready,unknown,unknown,unsafe_command_construction,tool_selection,trigger_incomplete,process_spawn|shell_execution,requires_web_platform|requires_local_helper_tooling,True,2026-04-27T05:18:18.926362+00:00,2026-04-27T05:18:32.168653+00:00
mnt_e_dangerous_skills_langfuse-skills_skills_langfuse-trace-list,langfuse-trace-list,/mnt/e/dangerous_skills/langfuse-skills/skills/langfuse-trace-list,completed,低风险,low,0,low,benign_like,partial,completed_full,,,base_lightweight,base_lightweight,ready,unknown,unknown,insufficient_context,authored_skill_logic,trigger_incomplete,,requires_web_platform|requires_long_horizon_task|requires_local_helper_tooling,True,2026-04-27T05:18:32.438124+00:00,2026-04-27T05:18:42.657980+00:00
mnt_e_dangerous_skills_langfuse-skills_skills_langfuse-trace-view,langfuse-trace-view,/mnt/e/dangerous_skills/langfuse-skills/skills/langfuse-trace-view,completed,低风险,low,0,low,benign_like,partial,completed_full,,,base_lightweight,base_lightweight,conditional,unknown,unknown,insufficient_context,authored_skill_logic,trigger_incomplete,file_write,requires_web_platform|requires_external_api_key|requires_local_helper_tooling,True,2026-04-27T05:18:42.913095+00:00,2026-04-27T05:19:01.398535+00:00
mnt_e_dangerous_skills_last30days-skill,last30days,/mnt/e/dangerous_skills/last30days-skill,completed,低风险,low,0,low,benign_like,partial,completed_full,,,base_lightweight,base_lightweight,ready,unknown,unknown,insufficient_context,authored_skill_logic,trigger_incomplete,,requires_local_helper_tooling,True,2026-04-27T05:19:01.562957+00:00,2026-04-27T05:19:19.783710+00:00
mnt_e_dangerous_skills_leadgenius-skill,leadgenius-api,/mnt/e/dangerous_skills/leadgenius-skill,completed,严重风险,critical,100,critical,severe_risk,chain_backed,completed_full,,,adapter_backed,adapter_backed,blocked,llm_decision,llm_decision_induced_action,ambiguous_connected_workflow,mixed,trigger_incomplete,file_write|network_access,requires_browser|requires_web_platform|requires_external_api_key|requires_callback_or_webhook|requires_local_helper_tooling|requires_messaging_stack,True,2026-04-27T05:19:19.952869+00:00,2026-04-27T05:20:07.963936+00:00
mnt_e_dangerous_skills_linkedin,linkedin,/mnt/e/dangerous_skills/linkedin,completed,低风险,low,0,medium,benign_like,partial,completed_full,,,browser_lightweight,browser_lightweight,ready,unknown,unknown,insufficient_context,authored_skill_logic,trigger_incomplete,,requires_browser|requires_web_platform|requires_interactive_prompting|requires_local_helper_tooling,True,2026-04-27T05:20:08.190196+00:00,2026-04-27T05:20:24.271065+00:00
mnt_e_dangerous_skills_linux-patcher-skill,linux-patcher,/mnt/e/dangerous_skills/linux-patcher-skill,skipped,,,,low,benign_like,partial,skipped_bounded,auth_or_external_account_required,auth_or_external_account_required,adapter_backed,base_lightweight,blocked,unknown,unknown,insufficient_context,authored_skill_logic,static_only,,requires_web_platform|requires_oauth_or_login|requires_long_horizon_task|requires_local_helper_tooling,True,2026-04-27T05:20:25.159843+00:00,2026-04-27T05:20:25.159865+00:00
mnt_e_dangerous_skills_lost-bitcoin-10li1,lost-bitcoin,/mnt/e/dangerous_skills/lost-bitcoin-10li1,completed,低风险,low,0,medium,weakly_suspicious,partial,completed_full,,,base_lightweight,base_lightweight,ready,unknown,unknown,unsafe_command_construction,tool_selection,trigger_incomplete,process_spawn|shell_execution,requires_web_platform|requires_long_horizon_task,True,2026-04-27T05:20:25.419213+00:00,2026-04-27T05:21:04.852571+00:00
mnt_e_dangerous_skills_maestro-dev-skills,maestro-e2e,/mnt/e/dangerous_skills/maestro-dev-skills,skipped,,,,low,benign_like,partial,skipped_bounded,auth_or_external_account_required,auth_or_external_account_required,browser_lightweight,browser_lightweight,blocked,unknown,unknown,insufficient_context,authored_skill_logic,static_only,,requires_browser|requires_oauth_or_login,True,2026-04-27T05:21:05.303828+00:00,2026-04-27T05:21:05.303848+00:00
mnt_e_dangerous_skills_maestro-mobile-testing-skill,maestro-mobile-testing,/mnt/e/dangerous_skills/maestro-mobile-testing-skill,skipped,,,,medium,benign_like,partial,skipped_bounded,auth_or_external_account_required,auth_or_external_account_required,adapter_backed,adapter_backed,blocked,unknown,unknown,insufficient_context,authored_skill_logic,static_only,,requires_browser|requires_web_platform|requires_oauth_or_login|requires_external_api_key|requires_user_supplied_artifact|requires_interactive_prompting|requires_messaging_stack,True,2026-04-27T05:21:05.701716+00:00,2026-04-27T05:21:05.701752+00:00
mnt_e_dangerous_skills_marimo-pair,marimo-pair,/mnt/e/dangerous_skills/marimo-pair,completed,低风险,low,0,low,weakly_suspicious,partial,completed_full,,,browser_lightweight,browser_lightweight,conditional,unknown,unknown,unsafe_command_construction,tool_selection,trigger_incomplete,file_write|process_spawn|shell_execution,requires_browser|requires_web_platform|requires_external_api_key|requires_interactive_prompting|requires_local_helper_tooling,True,2026-04-27T05:21:05.877873+00:00,2026-04-27T05:21:16.457991+00:00
mnt_e_dangerous_skills_materials-science-figure-skill_skills_nanobanana-image-generation,nanobanana-image-generation,/mnt/e/dangerous_skills/materials-science-figure-skill/skills/nanobanana-image-generation,skipped,,,,low,benign_like,partial,skipped_bounded,auth_or_external_account_required,auth_or_external_account_required,adapter_backed,adapter_backed,blocked,unknown,unknown,insufficient_context,authored_skill_logic,static_only,,requires_web_platform|requires_oauth_or_login|requires_external_api_key|requires_user_supplied_artifact|requires_interactive_prompting|requires_local_helper_tooling|requires_document_or_office_stack,True,2026-04-27T05:21:17.456885+00:00,2026-04-27T05:21:17.456908+00:00
mnt_e_dangerous_skills_mcp-applemusic,apple-music,/mnt/e/dangerous_skills/mcp-applemusic,skipped,,,,low,benign_like,partial,skipped_bounded,auth_or_external_account_required,auth_or_external_account_required,browser_lightweight,browser_lightweight,blocked,unknown,unknown,insufficient_context,authored_skill_logic,static_only,,requires_browser|requires_web_platform|requires_oauth_or_login|requires_external_api_key|requires_local_helper_tooling,True,2026-04-27T05:21:18.121844+00:00,2026-04-27T05:21:18.121866+00:00
mnt_e_dangerous_skills_mcp-cli,mcp-cli,/mnt/e/dangerous_skills/mcp-cli,completed,低风险,low,0,medium,benign_like,partial,completed_full,,,base_lightweight,base_lightweight,ready,unknown,unknown,insufficient_context,authored_skill_logic,trigger_incomplete,,requires_local_helper_tooling,True,2026-04-27T05:21:18.306948+00:00,2026-04-27T05:21:33.191746+00:00
mnt_e_dangerous_skills_mcp-codestyle-server_skill_codestyle,codestyle,/mnt/e/dangerous_skills/mcp-codestyle-server/skill/codestyle,completed,低风险,low,0,medium,benign_like,partial,completed_full,,,base_lightweight,base_lightweight,conditional,unknown,unknown,insufficient_context,authored_skill_logic,trigger_incomplete,,requires_web_platform|requires_user_supplied_artifact|requires_local_helper_tooling,True,2026-04-27T05:21:33.437263+00:00,2026-04-27T05:21:49.533350+00:00
mnt_e_dangerous_skills_mcp_agent_mail,agent-mail,/mnt/e/dangerous_skills/mcp_agent_mail,skipped,,,,medium,benign_like,partial,skipped_bounded,auth_or_external_account_required,auth_or_external_account_required,deep_execution,deep_execution,blocked,unknown,unknown,insufficient_context,authored_skill_logic,static_only,,requires_browser|requires_web_platform|requires_oauth_or_login|requires_external_api_key|requires_long_horizon_task|requires_interactive_prompting|requires_local_helper_tooling,True,2026-04-27T05:21:51.637100+00:00,2026-04-27T05:21:51.637119+00:00
mnt_e_dangerous_skills_mcp_excalidraw_skills_excalidraw-skill,excalidraw-skill,/mnt/e/dangerous_skills/mcp_excalidraw/skills/excalidraw-skill,completed,低风险,low,0,low,weakly_suspicious,partial,completed_full,,,browser_lightweight,browser_lightweight,ready,unknown,unknown,unsafe_command_construction,tool_selection,trigger_incomplete,process_spawn|shell_execution,requires_browser|requires_web_platform|requires_long_horizon_task|requires_local_helper_tooling,True,2026-04-27T05:21:51.928938+00:00,2026-04-27T05:22:17.809796+00:00
mnt_e_dangerous_skills_md2pdf2,md2pdf2,/mnt/e/dangerous_skills/md2pdf2,completed,低风险,low,0,medium,benign_like,partial,completed_full,,,adapter_backed,adapter_backed,blocked,unknown,unknown,insufficient_context,authored_skill_logic,trigger_incomplete,file_write,requires_browser|requires_document_or_office_stack|requires_messaging_stack,True,2026-04-27T05:22:18.037153+00:00,2026-04-27T05:22:31.112568+00:00
mnt_e_dangerous_skills_mem-skill,mem-skill,/mnt/e/dangerous_skills/mem-skill,completed,低风险,low,0,medium,benign_like,partial,completed_full,,,base_lightweight,base_lightweight,ready,unknown,unknown,insufficient_context,authored_skill_logic,trigger_incomplete,,requires_web_platform|requires_interactive_prompting|requires_local_helper_tooling,True,2026-04-27T05:22:31.318448+00:00,2026-04-27T05:23:11.297433+00:00
mnt_e_dangerous_skills_memobank_skills_cold-start,cold-start,/mnt/e/dangerous_skills/memobank/skills/cold-start,completed,低风险,low,0,low,weakly_suspicious,partial,completed_full,,,browser_lightweight,browser_lightweight,ready,unknown,unknown,ambiguous_connected_workflow,mixed,trigger_incomplete,file_write|process_spawn,requires_browser|requires_web_platform|requires_interactive_prompting|requires_local_helper_tooling,True,2026-04-27T05:23:11.556535+00:00,2026-04-27T05:25:05.313245+00:00
mnt_e_dangerous_skills_memobank_skills_mb-execute,mb-execute,/mnt/e/dangerous_skills/memobank/skills/mb-execute,completed,低风险,low,0,low,benign_like,partial,completed_full,,,base_lightweight,base_lightweight,ready,unknown,unknown,insufficient_context,authored_skill_logic,trigger_incomplete,,requires_local_helper_tooling,True,2026-04-27T05:25:05.584075+00:00,2026-04-27T05:25:15.755709+00:00
mnt_e_dangerous_skills_memobank_skills_mb-from-prd,mb-from-prd,/mnt/e/dangerous_skills/memobank/skills/mb-from-prd,completed,低风险,low,0,low,benign_like,partial,completed_full,,,base_lightweight,base_lightweight,ready,unknown,unknown,insufficient_context,authored_skill_logic,trigger_incomplete,,requires_local_helper_tooling,True,2026-04-27T05:25:16.002627+00:00,2026-04-27T05:25:33.612229+00:00
mnt_e_dangerous_skills_memobank_skills_mb-garden,mb-garden,/mnt/e/dangerous_skills/memobank/skills/mb-garden,completed,低风险,low,0,low,weakly_suspicious,partial,completed_full,,,base_lightweight,base_lightweight,ready,unknown,unknown,unsafe_command_construction,tool_selection,trigger_incomplete,process_spawn|shell_execution,requires_local_helper_tooling,True,2026-04-27T05:25:33.930568+00:00,2026-04-27T05:25:44.735014+00:00
mnt_e_dangerous_skills_memobank_skills_mb-harness,mb-harness,/mnt/e/dangerous_skills/memobank/skills/mb-harness,completed,低风险,low,0,low,benign_like,partial,completed_full,,,browser_lightweight,browser_lightweight,ready,unknown,unknown,insufficient_context,authored_skill_logic,trigger_incomplete,,requires_browser|requires_local_helper_tooling,True,2026-04-27T05:25:45.022209+00:00,2026-04-27T05:25:55.201545+00:00
mnt_e_dangerous_skills_memobank_skills_mb-init,mb-init,/mnt/e/dangerous_skills/memobank/skills/mb-init,completed,低风险,low,0,low,benign_like,partial,completed_full,,,base_lightweight,base_lightweight,ready,unknown,unknown,insufficient_context,authored_skill_logic,trigger_incomplete,,requires_local_helper_tooling,True,2026-04-27T05:25:55.593954+00:00,2026-04-27T05:28:11.161491+00:00
mnt_e_dangerous_skills_memobank_skills_mb-map-codebase,mb-map-codebase,/mnt/e/dangerous_skills/memobank/skills/mb-map-codebase,completed,低风险,low,0,low,weakly_suspicious,partial,completed_full,,,base_lightweight,base_lightweight,ready,unknown,unknown,ambiguous_connected_workflow,mixed,trigger_incomplete,file_write|process_spawn,requires_interactive_prompting|requires_local_helper_tooling,True,2026-04-27T05:28:11.443942+00:00,2026-04-27T05:29:09.560297+00:00
mnt_e_dangerous_skills_memobank_skills_mb-review,mb-review,/mnt/e/dangerous_skills/memobank/skills/mb-review,completed,低风险,low,0,low,weakly_suspicious,partial,completed_full,,,base_lightweight,base_lightweight,ready,unknown,unknown,ambiguous_connected_workflow,mixed,trigger_incomplete,process_spawn,requires_local_helper_tooling,True,2026-04-27T05:29:09.866253+00:00,2026-04-27T05:29:27.687354+00:00
mnt_e_dangerous_skills_memobank_skills_mb-verify,mb-verify,/mnt/e/dangerous_skills/memobank/skills/mb-verify,completed,低风险,low,0,low,benign_like,partial,completed_full,,,browser_lightweight,browser_lightweight,ready,unknown,unknown,insufficient_context,authored_skill_logic,trigger_incomplete,,requires_browser|requires_local_helper_tooling,True,2026-04-27T05:29:27.971862+00:00,2026-04-27T05:30:04.970875+00:00
mnt_e_dangerous_skills_mindsdb-mcp-skill,mindsdb-mcp-skill,/mnt/e/dangerous_skills/mindsdb-mcp-skill,completed,低风险,low,0,medium,weakly_suspicious,partial,completed_full,,,base_lightweight,base_lightweight,ready,unknown,unknown,unsafe_command_construction,tool_selection,trigger_incomplete,file_write|process_spawn|shell_execution,requires_local_helper_tooling,True,2026-04-27T05:30:05.117885+00:00,2026-04-27T05:40:56.033053+00:00
mnt_e_dangerous_skills_mission-control,mission-control,/mnt/e/dangerous_skills/mission-control,skipped,,,,low,benign_like,partial,skipped_bounded,auth_or_external_account_required,auth_or_external_account_required,browser_lightweight,browser_lightweight,blocked,unknown,unknown,insufficient_context,authored_skill_logic,static_only,,requires_browser|requires_web_platform|requires_oauth_or_login|requires_external_api_key|requires_local_helper_tooling,True,2026-04-27T05:40:56.917327+00:00,2026-04-27T05:40:56.917356+00:00
mnt_e_dangerous_skills_mol_skill,mol,/mnt/e/dangerous_skills/mol_skill,completed,低风险,low,0,low,benign_like,partial,completed_full,,,base_lightweight,base_lightweight,ready,unknown,unknown,insufficient_context,authored_skill_logic,trigger_incomplete,,requires_web_platform,True,2026-04-27T05:40:57.093171+00:00,2026-04-27T05:41:51.851734+00:00
mnt_e_dangerous_skills_moltbook-skill,moltbook,/mnt/e/dangerous_skills/moltbook-skill,completed,低风险,low,0,low,weakly_suspicious,partial,completed_full,,,base_lightweight,base_lightweight,conditional,llm_decision,llm_decision_induced_action,ambiguous_connected_workflow,mixed,trigger_incomplete,network_access,requires_web_platform|requires_external_api_key|requires_user_supplied_artifact,True,2026-04-27T05:41:52.003263+00:00,2026-04-27T05:42:15.505059+00:00
mnt_e_dangerous_skills_moltbot-connector-feishu-dingtalk_skills_dingtalk-connection,dingtalk-connection,/mnt/e/dangerous_skills/moltbot-connector-feishu-dingtalk/skills/dingtalk-connection,skipped,,,,low,benign_like,partial,skipped_bounded,auth_or_external_account_required,auth_or_external_account_required,adapter_backed,adapter_backed,blocked,unknown,unknown,insufficient_context,authored_skill_logic,static_only,,requires_web_platform|requires_oauth_or_login|requires_callback_or_webhook,True,2026-04-27T05:42:16.150479+00:00,2026-04-27T05:42:16.150502+00:00
mnt_e_dangerous_skills_moltbot-connector-feishu-dingtalk_skills_feishu-connection,feishu-connection,/mnt/e/dangerous_skills/moltbot-connector-feishu-dingtalk/skills/feishu-connection,completed,低风险,low,0,low,benign_like,partial,completed_full,,,adapter_backed,adapter_backed,blocked,unknown,unknown,insufficient_context,authored_skill_logic,trigger_incomplete,file_write,requires_web_platform|requires_external_api_key|requires_callback_or_webhook|requires_messaging_stack,True,2026-04-27T05:42:16.486821+00:00,2026-04-27T05:42:55.741898+00:00
mnt_e_dangerous_skills_molttalk_skill,molttalk,/mnt/e/dangerous_skills/molttalk/skill,completed,低风险,low,0,medium,benign_like,partial,completed_full,,,base_lightweight,base_lightweight,conditional,unknown,unknown,insufficient_context,authored_skill_logic,trigger_incomplete,,requires_web_platform|requires_external_api_key,True,2026-04-27T05:42:55.960391+00:00,2026-04-27T05:45:12.297844+00:00
mnt_e_dangerous_skills_moltworker_skills_cloudflare-browser,cloudflare-browser,/mnt/e/dangerous_skills/moltworker/skills/cloudflare-browser,completed,低风险,low,0,low,benign_like,partial,completed_full,,,browser_lightweight,browser_lightweight,ready,unknown,unknown,insufficient_context,authored_skill_logic,trigger_incomplete,,requires_browser|requires_web_platform|requires_local_helper_tooling,True,2026-04-27T05:45:12.571773+00:00,2026-04-27T05:45:21.405617+00:00
mnt_e_dangerous_skills_monetize-agent-skills,x402-agentic-creation,/mnt/e/dangerous_skills/monetize-agent-skills,completed,低风险,low,0,low,benign_like,partial,completed_full,,,base_lightweight,base_lightweight,conditional,unknown,unknown,insufficient_context,authored_skill_logic,trigger_incomplete,,requires_web_platform|requires_external_api_key,True,2026-04-27T05:45:21.577832+00:00,2026-04-27T05:45:49.617202+00:00
mnt_e_dangerous_skills_msgraph_skills_msgraph,msgraph,/mnt/e/dangerous_skills/msgraph/skills/msgraph,skipped,,,,low,benign_like,partial,skipped_bounded,auth_or_external_account_required,auth_or_external_account_required,adapter_backed,adapter_backed,blocked,unknown,unknown,insufficient_context,authored_skill_logic,static_only,,requires_browser|requires_web_platform|requires_oauth_or_login|requires_external_api_key|requires_interactive_prompting|requires_local_helper_tooling|requires_messaging_stack,True,2026-04-27T05:45:50.316817+00:00,2026-04-27T05:45:50.316834+00:00
mnt_e_dangerous_skills_mulerouter-skills_skills_mulerouter-skills,mulerouter,/mnt/e/dangerous_skills/mulerouter-skills/skills/mulerouter-skills,completed,低风险,low,0,low,weakly_suspicious,partial,completed_full,,,base_lightweight,base_lightweight,conditional,skill_design,unsafe_command_construction,unsafe_command_construction,tool_selection,trigger_incomplete,process_spawn|shell_execution,requires_web_platform|requires_external_api_key|requires_interactive_prompting|requires_local_helper_tooling,True,2026-04-27T05:45:50.606946+00:00,2026-04-27T05:46:03.239800+00:00
mnt_e_dangerous_skills_nano-banana-pro-prompts-recommend-skill,nano-banana-pro-prompts-recommend-skill,/mnt/e/dangerous_skills/nano-banana-pro-prompts-recommend-skill,completed,低风险,low,0,low,benign_like,partial,completed_full,,,adapter_backed,adapter_backed,blocked,unknown,unknown,insufficient_context,authored_skill_logic,trigger_incomplete,file_write,requires_web_platform|requires_external_api_key|requires_interactive_prompting|requires_local_helper_tooling|requires_document_or_office_stack|requires_messaging_stack,True,2026-04-27T05:46:05.592565+00:00,2026-04-27T05:46:18.589220+00:00
mnt_e_dangerous_skills_nanobanana-cli_skills_nanobanana-cli,nanobanana-2-image-generation,/mnt/e/dangerous_skills/nanobanana-cli/skills/nanobanana-cli,completed,低风险,low,0,low,weakly_suspicious,partial,completed_full,,,base_lightweight,base_lightweight,conditional,unknown,unknown,unsafe_command_construction,tool_selection,trigger_incomplete,process_spawn|shell_execution,requires_web_platform|requires_external_api_key|requires_local_helper_tooling,True,2026-04-27T05:46:18.858202+00:00,2026-04-27T05:46:41.351658+00:00
mnt_e_dangerous_skills_nanoclaw-add-feishu-skill_skills_add-feishu,add-feishu,/mnt/e/dangerous_skills/nanoclaw-add-feishu-skill/skills/add-feishu,completed,低风险,low,0,low,benign_like,partial,completed_full,,,adapter_backed,adapter_backed,blocked,unknown,unknown,insufficient_context,authored_skill_logic,trigger_incomplete,file_write,requires_web_platform|requires_callback_or_webhook|requires_interactive_prompting|requires_messaging_stack,True,2026-04-27T05:46:41.623202+00:00,2026-04-27T05:46:49.986241+00:00
mnt_e_dangerous_skills_nblm,nblm,/mnt/e/dangerous_skills/nblm,skipped,,,,low,benign_like,partial,skipped_bounded,auth_or_external_account_required,auth_or_external_account_required,adapter_backed,adapter_backed,blocked,unknown,unknown,insufficient_context,authored_skill_logic,static_only,,requires_browser|requires_web_platform|requires_oauth_or_login|requires_long_horizon_task|requires_user_supplied_artifact|requires_local_helper_tooling|requires_document_or_office_stack|requires_messaging_stack,True,2026-04-27T05:46:51.585185+00:00,2026-04-27T05:46:51.585203+00:00
mnt_e_dangerous_skills_neon-soul_skills_consciousness-soul-identity,consciousness-soul-identity,/mnt/e/dangerous_skills/neon-soul/skills/consciousness-soul-identity,completed,低风险,low,0,low,benign_like,partial,completed_full,,,base_lightweight,base_lightweight,ready,unknown,unknown,insufficient_context,authored_skill_logic,trigger_incomplete,,requires_web_platform|requires_local_helper_tooling,True,2026-04-27T05:46:51.846720+00:00,2026-04-27T05:47:02.337415+00:00
mnt_e_dangerous_skills_neon-soul_skills_neon-soul,NEON-SOUL,/mnt/e/dangerous_skills/neon-soul/skills/neon-soul,completed,低风险,low,0,low,benign_like,partial,completed_full,,,base_lightweight,base_lightweight,ready,unknown,unknown,insufficient_context,authored_skill_logic,trigger_incomplete,,requires_web_platform|requires_local_helper_tooling,True,2026-04-27T05:47:02.605329+00:00,2026-04-27T05:47:15.189062+00:00
mnt_e_dangerous_skills_nextjs-seo-optimizer,nextjs-seo-optimizer,/mnt/e/dangerous_skills/nextjs-seo-optimizer,completed,低风险,low,0,low,benign_like,partial,completed_full,,,browser_lightweight,browser_lightweight,ready,unknown,unknown,insufficient_context,authored_skill_logic,trigger_incomplete,,requires_browser|requires_web_platform|requires_long_horizon_task|requires_local_helper_tooling,True,2026-04-27T05:47:15.379969+00:00,2026-04-27T05:47:25.691125+00:00
mnt_e_dangerous_skills_nium-wiki_skills_nium-wiki,nium-wiki,/mnt/e/dangerous_skills/nium-wiki/skills/nium-wiki,skipped,,,,low,benign_like,partial,skipped_bounded,auth_or_external_account_required,auth_or_external_account_required,adapter_backed,base_lightweight,blocked,unknown,unknown,insufficient_context,authored_skill_logic,static_only,,requires_web_platform|requires_oauth_or_login|requires_external_api_key|requires_interactive_prompting|requires_local_helper_tooling,True,2026-04-27T05:47:26.410691+00:00,2026-04-27T05:47:26.410712+00:00
mnt_e_dangerous_skills_nixkil,nixkil,/mnt/e/dangerous_skills/nixkil,completed,低风险,low,0,low,benign_like,partial,completed_full,,,base_lightweight,base_lightweight,ready,unknown,unknown,insufficient_context,authored_skill_logic,trigger_incomplete,,,True,2026-04-27T05:47:26.592554+00:00,2026-04-27T05:48:09.255312+00:00
mnt_e_dangerous_skills_node-aws-security-audit,node-aws-security-audit,/mnt/e/dangerous_skills/node-aws-security-audit,completed,低风险,low,0,medium,weakly_suspicious,partial,completed_full,,,adapter_backed,adapter_backed,blocked,skill_design,unsafe_command_construction,unsafe_command_construction,tool_selection,trigger_incomplete,file_write|process_spawn|shell_execution,requires_web_platform|requires_external_api_key|requires_long_horizon_task|requires_interactive_prompting|requires_local_helper_tooling|requires_document_or_office_stack,True,2026-04-27T05:48:09.484172+00:00,2026-04-27T05:48:46.280284+00:00
mnt_e_dangerous_skills_node-scaling,swarm,/mnt/e/dangerous_skills/node-scaling,completed,低风险,low,0,low,benign_like,partial,completed_full,,,browser_lightweight,browser_lightweight,conditional,unknown,unknown,insufficient_context,authored_skill_logic,trigger_incomplete,,requires_browser|requires_web_platform|requires_external_api_key|requires_heavy_runtime|requires_local_helper_tooling,True,2026-04-27T05:48:46.466568+00:00,2026-04-27T05:48:59.309208+00:00
mnt_e_dangerous_skills_nodejs-best-practices-reviewer,nodejs-best-practices-reviewer,/mnt/e/dangerous_skills/nodejs-best-practices-reviewer,completed,低风险,low,0,low,weakly_suspicious,partial,completed_full,,,adapter_backed,adapter_backed,blocked,unknown,unknown,unsafe_command_construction,tool_selection,trigger_incomplete,file_write|process_spawn|shell_execution,requires_web_platform|requires_callback_or_webhook|requires_interactive_prompting,True,2026-04-27T05:48:59.486129+00:00,2026-04-27T05:49:09.681535+00:00
mnt_e_dangerous_skills_notebooklm-py,notebooklm,/mnt/e/dangerous_skills/notebooklm-py,skipped,,,,medium,benign_like,partial,skipped_bounded,auth_or_external_account_required,auth_or_external_account_required,adapter_backed,adapter_backed,blocked,unknown,unknown,insufficient_context,authored_skill_logic,static_only,,requires_browser|requires_web_platform|requires_oauth_or_login|requires_external_api_key|requires_long_horizon_task|requires_interactive_prompting|requires_local_helper_tooling|requires_document_or_office_stack|requires_messaging_stack,True,2026-04-27T05:49:10.294252+00:00,2026-04-27T05:49:10.294273+00:00
mnt_e_dangerous_skills_notebooklm_upgraded-skill,notebooklm,/mnt/e/dangerous_skills/notebooklm_upgraded-skill,skipped,,,,low,benign_like,partial,skipped_bounded,auth_or_external_account_required,auth_or_external_account_required,adapter_backed,adapter_backed,blocked,unknown,unknown,insufficient_context,authored_skill_logic,static_only,,requires_browser|requires_web_platform|requires_oauth_or_login|requires_long_horizon_task|requires_user_supplied_artifact|requires_local_helper_tooling|requires_document_or_office_stack,True,2026-04-27T05:49:11.510929+00:00,2026-04-27T05:49:11.510960+00:00
mnt_e_dangerous_skills_npname,npname,/mnt/e/dangerous_skills/npname,completed,低风险,low,0,medium,weakly_suspicious,partial,completed_full,,,base_lightweight,base_lightweight,ready,unknown,unknown,unsafe_command_construction,tool_selection,trigger_incomplete,process_spawn|shell_execution,requires_web_platform,True,2026-04-27T05:49:11.747004+00:00,2026-04-27T05:49:23.154882+00:00
mnt_e_dangerous_skills_nstbrowser-ai-agent_skills_nstbrowser-ai-agent,nstbrowser-ai-agent,/mnt/e/dangerous_skills/nstbrowser-ai-agent/skills/nstbrowser-ai-agent,completed,低风险,low,0,low,benign_like,partial,completed_full,,,browser_lightweight,browser_lightweight,conditional,unknown,unknown,insufficient_context,authored_skill_logic,trigger_incomplete,,requires_browser|requires_web_platform|requires_external_api_key,True,2026-04-27T05:49:23.427095+00:00,2026-04-27T05:49:36.155721+00:00
mnt_e_dangerous_skills_olcli,overleaf,/mnt/e/dangerous_skills/olcli,skipped,,,,medium,benign_like,partial,skipped_bounded,auth_or_external_account_required,auth_or_external_account_required,adapter_backed,adapter_backed,blocked,unknown,unknown,insufficient_context,authored_skill_logic,static_only,,requires_web_platform|requires_oauth_or_login|requires_user_supplied_artifact|requires_document_or_office_stack,True,2026-04-27T05:49:36.557425+00:00,2026-04-27T05:49:36.557446+00:00
mnt_e_dangerous_skills_omnidrive-skill,praxis,/mnt/e/dangerous_skills/omnidrive-skill,completed,低风险,low,0,medium,weakly_suspicious,partial,completed_full,,,adapter_backed,adapter_backed,blocked,unknown,unknown,ambiguous_connected_workflow,mixed,trigger_incomplete,file_write|process_spawn,requires_browser|requires_web_platform|requires_external_api_key|requires_user_supplied_artifact|requires_interactive_prompting|requires_local_helper_tooling|requires_document_or_office_stack|requires_messaging_stack,True,2026-04-27T05:49:36.727380+00:00,2026-04-27T05:49:54.878355+00:00
mnt_e_dangerous_skills_omnidrive-skill_skills_praxis,praxis,/mnt/e/dangerous_skills/omnidrive-skill/skills/praxis,completed,低风险,low,0,medium,benign_like,partial,completed_full,,,adapter_backed,adapter_backed,blocked,unknown,unknown,insufficient_context,authored_skill_logic,trigger_incomplete,file_write,requires_browser|requires_web_platform|requires_external_api_key|requires_user_supplied_artifact|requires_interactive_prompting|requires_document_or_office_stack|requires_messaging_stack,True,2026-04-27T05:49:55.163324+00:00,2026-04-27T05:50:04.233583+00:00
mnt_e_dangerous_skills_onboardme_skills_onboardme,onboardme,/mnt/e/dangerous_skills/onboardme/skills/onboardme,completed,低风险,low,0,low,benign_like,partial,completed_full,,,base_lightweight,base_lightweight,ready,unknown,unknown,insufficient_context,authored_skill_logic,trigger_incomplete,,requires_local_helper_tooling,True,2026-04-27T05:50:06.696551+00:00,2026-04-27T05:50:16.009998+00:00
mnt_e_dangerous_skills_open-zepellin-skills,openzeppelin-solidity,/mnt/e/dangerous_skills/open-zepellin-skills,completed,低风险,low,0,low,benign_like,partial,completed_full,,,base_lightweight,base_lightweight,conditional,unknown,unknown,insufficient_context,authored_skill_logic,trigger_incomplete,file_write,requires_web_platform|requires_external_api_key,True,2026-04-27T05:50:16.190538+00:00,2026-04-27T05:51:53.154548+00:00
mnt_e_dangerous_skills_openclaw-acp,virtuals-protocol-acp,/mnt/e/dangerous_skills/openclaw-acp,skipped,,,,low,benign_like,partial,skipped_bounded,auth_or_external_account_required,auth_or_external_account_required,adapter_backed,adapter_backed,blocked,prompt_injection_suspected,prompt_injection_suspected,insufficient_context,authored_skill_logic,static_only,,requires_browser|requires_web_platform|requires_oauth_or_login|requires_external_api_key|requires_interactive_prompting|requires_messaging_stack,True,2026-04-27T05:51:53.763388+00:00,2026-04-27T05:51:53.763403+00:00
mnt_e_dangerous_skills_openclaw-agentmail-skill,agentmail,/mnt/e/dangerous_skills/openclaw-agentmail-skill,completed,低风险,low,0,medium,benign_like,partial,completed_full,,,adapter_backed,adapter_backed,blocked,unknown,unknown,insufficient_context,authored_skill_logic,trigger_incomplete,file_write,requires_web_platform|requires_external_api_key|requires_user_supplied_artifact|requires_messaging_stack,True,2026-04-27T05:51:53.979485+00:00,2026-04-27T05:52:07.604694+00:00
mnt_e_dangerous_skills_openclaw-backup,myclaw-backup,/mnt/e/dangerous_skills/openclaw-backup,completed,低风险,low,0,low,weakly_suspicious,partial,completed_full,,,browser_lightweight,browser_lightweight,conditional,unknown,unknown,unsafe_command_construction,tool_selection,trigger_incomplete,file_write|process_spawn|shell_execution,requires_browser|requires_web_platform|requires_external_api_key|requires_user_supplied_artifact|requires_local_helper_tooling,True,2026-04-27T05:52:07.774760+00:00,2026-04-27T05:52:27.939255+00:00
mnt_e_dangerous_skills_openclaw-backup-dnkxm,openclaw-backup,/mnt/e/dangerous_skills/openclaw-backup-dnkxm,completed,低风险,low,0,critical,benign_like,partial,completed_full,,,base_lightweight,base_lightweight,ready,unknown,unknown,insufficient_context,authored_skill_logic,trigger_incomplete,,,True,2026-04-27T05:52:28.140705+00:00,2026-04-27T05:53:10.711737+00:00
mnt_e_dangerous_skills_openclaw-checkpoint,openclaw-checkpoint,/mnt/e/dangerous_skills/openclaw-checkpoint,skipped,,,,critical,benign_like,partial,skipped_bounded,auth_or_external_account_required,auth_or_external_account_required,browser_lightweight,browser_lightweight,blocked,unknown,unknown,insufficient_context,authored_skill_logic,static_only,,requires_browser|requires_web_platform|requires_oauth_or_login|requires_external_api_key|requires_interactive_prompting|requires_local_helper_tooling,True,2026-04-27T05:53:11.272589+00:00,2026-04-27T05:53:11.272614+00:00
mnt_e_dangerous_skills_openclaw-command-center,command-center,/mnt/e/dangerous_skills/openclaw-command-center,completed,低风险,low,0,medium,weakly_suspicious,partial,completed_full,,,base_lightweight,base_lightweight,conditional,unknown,unknown,unsafe_command_construction,tool_selection,trigger_incomplete,process_spawn|shell_execution,requires_external_api_key|requires_long_horizon_task|requires_local_helper_tooling,True,2026-04-27T05:53:11.439019+00:00,2026-04-27T05:53:24.916131+00:00
mnt_e_dangerous_skills_openclaw-ecommerce-skills_shipstation-orders,shipstation-orders,/mnt/e/dangerous_skills/openclaw-ecommerce-skills/shipstation-orders,completed,低风险,low,0,low,benign_like,partial,completed_full,,,base_lightweight,base_lightweight,conditional,unknown,unknown,insufficient_context,authored_skill_logic,trigger_incomplete,,requires_external_api_key|requires_long_horizon_task,True,2026-04-27T05:53:25.134066+00:00,2026-04-27T05:53:39.505756+00:00
mnt_e_dangerous_skills_openclaw-github-assistant,github,/mnt/e/dangerous_skills/openclaw-github-assistant,completed,低风险,low,0,low,benign_like,partial,completed_full,,,base_lightweight,base_lightweight,conditional,unknown,unknown,insufficient_context,authored_skill_logic,trigger_incomplete,,requires_external_api_key,True,2026-04-27T05:53:39.687203+00:00,2026-04-27T05:53:50.040637+00:00
mnt_e_dangerous_skills_openclaw-homeassistant,openclaw-homeassistant,/mnt/e/dangerous_skills/openclaw-homeassistant,completed,低风险,low,0,low,benign_like,partial,completed_full,,,base_lightweight,base_lightweight,conditional,unknown,unknown,insufficient_context,authored_skill_logic,trigger_incomplete,,requires_web_platform|requires_external_api_key,True,2026-04-27T05:53:50.219691+00:00,2026-04-27T05:54:00.663229+00:00
mnt_e_dangerous_skills_openclaw-leaderboard,openclaw-leaderboard,/mnt/e/dangerous_skills/openclaw-leaderboard,completed,严重风险,critical,100,critical,severe_risk,partial,completed_full,,,base_lightweight,base_lightweight,conditional,llm_decision,llm_decision_induced_action,overprivileged_external_transfer,mixed,trigger_incomplete,file_write|network_access,requires_web_platform|requires_user_supplied_artifact|requires_local_helper_tooling,True,2026-04-27T05:54:00.851921+00:00,2026-04-27T05:54:55.908845+00:00
mnt_e_dangerous_skills_openclaw-leaderboard_openclaw-skill,openclaw-leaderboard,/mnt/e/dangerous_skills/openclaw-leaderboard/openclaw-skill,completed,中风险,medium,25,medium,weakly_suspicious,partial,completed_full,,,base_lightweight,base_lightweight,conditional,llm_decision,llm_decision_induced_action,ambiguous_connected_workflow,mixed,trigger_incomplete,file_write|network_access,requires_web_platform|requires_external_api_key|requires_user_supplied_artifact,True,2026-04-27T05:54:56.112121+00:00,2026-04-27T05:55:37.433779+00:00
mnt_e_dangerous_skills_openclaw-logfire,openclaw-logfire,/mnt/e/dangerous_skills/openclaw-logfire,skipped,,,,medium,benign_like,partial,skipped_bounded,auth_or_external_account_required,auth_or_external_account_required,adapter_backed,adapter_backed,blocked,unknown,unknown,insufficient_context,authored_skill_logic,static_only,,requires_web_platform|requires_oauth_or_login|requires_external_api_key|requires_callback_or_webhook,True,2026-04-27T05:55:37.924513+00:00,2026-04-27T05:55:37.924535+00:00
mnt_e_dangerous_skills_openclaw-notion-skill,notion,/mnt/e/dangerous_skills/openclaw-notion-skill,completed,低风险,low,0,low,benign_like,partial,completed_full,,,adapter_backed,adapter_backed,blocked,unknown,unknown,insufficient_context,authored_skill_logic,trigger_incomplete,file_write,requires_web_platform|requires_external_api_key|requires_callback_or_webhook|requires_long_horizon_task|requires_messaging_stack,True,2026-04-27T05:55:38.101089+00:00,2026-04-27T05:55:56.909529+00:00
mnt_e_dangerous_skills_openclaw-sec,openclaw-sec,/mnt/e/dangerous_skills/openclaw-sec,skipped,,,,medium,benign_like,partial,skipped_bounded,auth_or_external_account_required,auth_or_external_account_required,adapter_backed,adapter_backed,blocked,unknown,unknown,insufficient_context,authored_skill_logic,static_only,,requires_web_platform|requires_oauth_or_login|requires_external_api_key|requires_callback_or_webhook|requires_long_horizon_task|requires_interactive_prompting|requires_messaging_stack,True,2026-04-27T05:55:57.341997+00:00,2026-04-27T05:55:57.342026+00:00
mnt_e_dangerous_skills_openclaw-self-healing,openclaw-self-healing,/mnt/e/dangerous_skills/openclaw-self-healing,completed,低风险,low,0,critical,weakly_suspicious,partial,completed_full,,,adapter_backed,adapter_backed,blocked,unknown,unknown,ambiguous_connected_workflow,mixed,trigger_incomplete,file_write|process_spawn,requires_web_platform|requires_callback_or_webhook|requires_long_horizon_task|requires_local_helper_tooling|requires_messaging_stack,True,2026-04-27T05:55:57.523606+00:00,2026-04-27T05:56:11.207754+00:00
mnt_e_dangerous_skills_openclaw-skill-browser-use,Browser Use,/mnt/e/dangerous_skills/openclaw-skill-browser-use,skipped,,,,medium,benign_like,partial,skipped_bounded,auth_or_external_account_required,auth_or_external_account_required,adapter_backed,adapter_backed,blocked,unknown,unknown,insufficient_context,authored_skill_logic,static_only,,requires_browser|requires_web_platform|requires_oauth_or_login|requires_external_api_key|requires_user_supplied_artifact|requires_interactive_prompting|requires_local_helper_tooling|requires_document_or_office_stack,True,2026-04-27T05:56:11.846891+00:00,2026-04-27T05:56:11.846919+00:00
mnt_e_dangerous_skills_openclaw-skill-claude-code,claude-code,/mnt/e/dangerous_skills/openclaw-skill-claude-code,skipped,,,,low,benign_like,partial,skipped_bounded,auth_or_external_account_required,auth_or_external_account_required,adapter_backed,adapter_backed,blocked,unknown,unknown,insufficient_context,authored_skill_logic,static_only,,requires_oauth_or_login|requires_long_horizon_task|requires_messaging_stack,True,2026-04-27T05:56:12.548063+00:00,2026-04-27T05:56:12.548093+00:00
mnt_e_dangerous_skills_openclaw-skill-xhs,xhs,/mnt/e/dangerous_skills/openclaw-skill-xhs,skipped,,,,medium,benign_like,partial,skipped_bounded,auth_or_external_account_required,auth_or_external_account_required,browser_lightweight,browser_lightweight,blocked,unknown,unknown,insufficient_context,authored_skill_logic,static_only,,requires_browser|requires_web_platform|requires_oauth_or_login|requires_external_api_key|requires_long_horizon_task,True,2026-04-27T05:56:13.000006+00:00,2026-04-27T05:56:13.000026+00:00
mnt_e_dangerous_skills_openclaw-solana-plugins_skills_solana-trader,solana-trader,/mnt/e/dangerous_skills/openclaw-solana-plugins/skills/solana-trader,completed,低风险,low,0,low,weakly_suspicious,partial,completed_full,,,base_lightweight,base_lightweight,conditional,unknown,unknown,unsafe_command_construction,tool_selection,trigger_incomplete,process_spawn|shell_execution,requires_web_platform|requires_external_api_key|requires_long_horizon_task|requires_local_helper_tooling,True,2026-04-27T05:56:13.365515+00:00,2026-04-27T05:56:26.914076+00:00
mnt_e_dangerous_skills_openclaw-tavily_skills_tavily-search,tavily-search,/mnt/e/dangerous_skills/openclaw-tavily/skills/tavily-search,completed,低风险,low,0,low,benign_like,partial,completed_full,,,base_lightweight,base_lightweight,conditional,unknown,unknown,insufficient_context,authored_skill_logic,trigger_incomplete,,requires_web_platform|requires_external_api_key|requires_local_helper_tooling,True,2026-04-27T05:56:27.202539+00:00,2026-04-27T05:56:37.577865+00:00
mnt_e_dangerous_skills_openclaw-token-optimizer,token-optimizer,/mnt/e/dangerous_skills/openclaw-token-optimizer,skipped,,,,low,benign_like,partial,skipped_bounded,auth_or_external_account_required,auth_or_external_account_required,adapter_backed,adapter_backed,blocked,prompt_injection_suspected,prompt_injection_suspected,insufficient_context,authored_skill_logic,static_only,,requires_oauth_or_login|requires_external_api_key|requires_long_horizon_task|requires_local_helper_tooling|requires_messaging_stack,True,2026-04-27T05:56:38.226294+00:00,2026-04-27T05:56:38.226320+00:00
mnt_e_dangerous_skills_openclaw-watchdog,openclaw-watchdog,/mnt/e/dangerous_skills/openclaw-watchdog,completed,低风险,low,0,medium,benign_like,partial,completed_full,,,adapter_backed,adapter_backed,blocked,unknown,unknown,insufficient_context,authored_skill_logic,trigger_incomplete,file_write,requires_external_api_key|requires_long_horizon_task|requires_local_helper_tooling|requires_messaging_stack,True,2026-04-27T05:56:38.397747+00:00,2026-04-27T05:57:00.339174+00:00
mnt_e_dangerous_skills_opencode-controller_skills_occ,occ,/mnt/e/dangerous_skills/opencode-controller/skills/occ,skipped,,,,low,benign_like,partial,skipped_bounded,auth_or_external_account_required,auth_or_external_account_required,adapter_backed,base_lightweight,blocked,unknown,unknown,insufficient_context,authored_skill_logic,static_only,,requires_oauth_or_login|requires_local_helper_tooling,True,2026-04-27T05:57:01.066467+00:00,2026-04-27T05:57:01.066489+00:00
mnt_e_dangerous_skills_openrouter-generate-image-skill_skills_generate-image,generate-image,/mnt/e/dangerous_skills/openrouter-generate-image-skill/skills/generate-image,completed,低风险,low,0,low,weakly_suspicious,partial,completed_full,,,base_lightweight,base_lightweight,conditional,unknown,unknown,unsafe_command_construction,tool_selection,trigger_incomplete,process_spawn|shell_execution,requires_web_platform|requires_external_api_key,True,2026-04-27T05:57:01.358451+00:00,2026-04-27T05:57:15.451936+00:00
mnt_e_dangerous_skills_opentunnel_skills_opentunnel-connect,opentunnel-connect,/mnt/e/dangerous_skills/opentunnel/skills/opentunnel-connect,completed,低风险,low,0,medium,benign_like,partial,completed_full,,,base_lightweight,base_lightweight,ready,unknown,unknown,insufficient_context,authored_skill_logic,trigger_incomplete,,requires_web_platform,True,2026-04-27T05:57:15.724709+00:00,2026-04-27T05:57:26.196070+00:00
mnt_e_dangerous_skills_osmo_skills_osmo-agent,osmo-agent,/mnt/e/dangerous_skills/osmo/skills/osmo-agent,skipped,,,,medium,benign_like,partial,skipped_bounded,auth_or_external_account_required,auth_or_external_account_required,deep_execution,deep_execution,blocked,unknown,unknown,insufficient_context,authored_skill_logic,static_only,,requires_web_platform|requires_oauth_or_login|requires_long_horizon_task|requires_heavy_runtime|requires_user_supplied_artifact|requires_interactive_prompting,True,2026-04-27T05:57:26.818206+00:00,2026-04-27T05:57:26.818228+00:00
mnt_e_dangerous_skills_page-2-context,page-2-context,/mnt/e/dangerous_skills/page-2-context,completed,低风险,low,0,low,benign_like,partial,completed_full,,,browser_lightweight,browser_lightweight,ready,unknown,unknown,insufficient_context,authored_skill_logic,trigger_incomplete,,requires_browser|requires_web_platform|requires_heavy_runtime|requires_interactive_prompting|requires_local_helper_tooling,True,2026-04-27T05:57:26.999821+00:00,2026-04-27T05:57:57.579431+00:00
mnt_e_dangerous_skills_pair-programmer_skills_pair-programmer,pair-programmer,/mnt/e/dangerous_skills/pair-programmer/skills/pair-programmer,skipped,,,,low,benign_like,partial,skipped_bounded,auth_or_external_account_required,auth_or_external_account_required,adapter_backed,base_lightweight,blocked,unknown,unknown,insufficient_context,authored_skill_logic,static_only,,requires_web_platform|requires_oauth_or_login|requires_external_api_key,True,2026-04-27T05:57:58.197628+00:00,2026-04-27T05:57:58.197648+00:00
mnt_e_dangerous_skills_pdf-1wso5,pdf,/mnt/e/dangerous_skills/pdf-1wso5,completed,低风险,low,0,medium,benign_like,partial,completed_full,,,adapter_backed,adapter_backed,blocked,unknown,unknown,insufficient_context,authored_skill_logic,trigger_incomplete,file_write,requires_document_or_office_stack,True,2026-04-27T05:57:58.370092+00:00,2026-04-27T05:58:19.553657+00:00
mnt_e_dangerous_skills_perf-benchmark-skill,perf-benchmark,/mnt/e/dangerous_skills/perf-benchmark-skill,completed,低风险,low,0,low,weakly_suspicious,partial,completed_full,,,base_lightweight,base_lightweight,ready,unknown,unknown,unsafe_command_construction,tool_selection,trigger_incomplete,file_write|process_spawn|shell_execution,requires_local_helper_tooling,True,2026-04-27T05:58:19.738198+00:00,2026-04-27T05:58:34.342915+00:00
mnt_e_dangerous_skills_perp-cli_skills_perp-cli,perp-cli,/mnt/e/dangerous_skills/perp-cli/skills/perp-cli,completed,低风险,low,0,medium,weakly_suspicious,partial,completed_full,,,base_lightweight,base_lightweight,conditional,skill_design,unsafe_command_construction,unsafe_command_construction,tool_selection,trigger_incomplete,file_write|process_spawn|shell_execution,requires_external_api_key|requires_long_horizon_task|requires_interactive_prompting|requires_local_helper_tooling,True,2026-04-27T05:58:34.765801+00:00,2026-04-27T05:58:48.655519+00:00
mnt_e_dangerous_skills_pglr,pglr,/mnt/e/dangerous_skills/pglr,completed,低风险,low,0,medium,benign_like,partial,completed_full,,,adapter_backed,adapter_backed,blocked,unknown,unknown,insufficient_context,authored_skill_logic,trigger_incomplete,file_write,requires_interactive_prompting|requires_messaging_stack,True,2026-04-27T05:58:48.865980+00:00,2026-04-27T05:58:59.235754+00:00
mnt_e_dangerous_skills_phantom-3uttg,phantom,/mnt/e/dangerous_skills/phantom-3uttg,completed,低风险,low,0,medium,benign_like,partial,completed_full,,,browser_lightweight,browser_lightweight,conditional,unknown,unknown,insufficient_context,authored_skill_logic,trigger_incomplete,,requires_browser|requires_web_platform|requires_external_api_key,True,2026-04-27T05:58:59.415235+00:00,2026-04-27T05:59:25.878140+00:00
mnt_e_dangerous_skills_photoshop-automator,photoshop-automator,/mnt/e/dangerous_skills/photoshop-automator,completed,低风险,low,0,low,benign_like,partial,completed_full,,,base_lightweight,base_lightweight,ready,unknown,unknown,insufficient_context,authored_skill_logic,trigger_incomplete,,,True,2026-04-27T05:59:26.057752+00:00,2026-04-27T05:59:35.137216+00:00
mnt_e_dangerous_skills_pi-rlm_skills_rlm,rlm,/mnt/e/dangerous_skills/pi-rlm/skills/rlm,completed,低风险,low,0,low,weakly_suspicious,partial,completed_full,,,base_lightweight,base_lightweight,conditional,unknown,unknown,unsafe_command_construction,tool_selection,trigger_incomplete,process_spawn|shell_execution,requires_external_api_key|requires_local_helper_tooling,True,2026-04-27T05:59:35.403187+00:00,2026-04-27T05:59:46.765951+00:00
mnt_e_dangerous_skills_poke_skills_poke-ordering,poke-ordering,/mnt/e/dangerous_skills/poke/skills/poke-ordering,completed,低风险,low,0,low,benign_like,partial,completed_full,,,base_lightweight,base_lightweight,conditional,unknown,unknown,insufficient_context,authored_skill_logic,trigger_incomplete,,requires_web_platform|requires_external_api_key|requires_local_helper_tooling,True,2026-04-27T05:59:47.176052+00:00,2026-04-27T05:59:59.232318+00:00
mnt_e_dangerous_skills_polym,polymarket,/mnt/e/dangerous_skills/polym,skipped,,,,medium,benign_like,partial,skipped_bounded,auth_or_external_account_required,auth_or_external_account_required,adapter_backed,adapter_backed,blocked,unknown,unknown,insufficient_context,authored_skill_logic,static_only,,requires_web_platform|requires_oauth_or_login|requires_long_horizon_task|requires_document_or_office_stack|requires_messaging_stack,True,2026-04-27T05:59:59.694199+00:00,2026-04-27T05:59:59.694225+00:00
mnt_e_dangerous_skills_polymarket-4rrsh,polymarket,/mnt/e/dangerous_skills/polymarket-4rrsh,skipped,,,,medium,benign_like,partial,skipped_bounded,auth_or_external_account_required,auth_or_external_account_required,adapter_backed,adapter_backed,blocked,unknown,unknown,insufficient_context,authored_skill_logic,static_only,,requires_web_platform|requires_oauth_or_login|requires_long_horizon_task|requires_document_or_office_stack|requires_messaging_stack,True,2026-04-27T06:00:00.088440+00:00,2026-04-27T06:00:00.088454+00:00
mnt_e_dangerous_skills_polytrading,polymarket,/mnt/e/dangerous_skills/polytrading,skipped,,,,medium,benign_like,partial,skipped_bounded,auth_or_external_account_required,auth_or_external_account_required,adapter_backed,adapter_backed,blocked,unknown,unknown,insufficient_context,authored_skill_logic,static_only,,requires_web_platform|requires_oauth_or_login|requires_long_horizon_task|requires_document_or_office_stack|requires_messaging_stack,True,2026-04-27T06:00:00.652866+00:00,2026-04-27T06:00:00.652896+00:00
mnt_e_dangerous_skills_pomodoro_dist_skills_pomodoro,pomodoro,/mnt/e/dangerous_skills/pomodoro/dist/skills/pomodoro,completed,低风险,low,0,low,weakly_suspicious,partial,completed_full,,,base_lightweight,base_lightweight,ready,unknown,unknown,unsafe_command_construction,tool_selection,trigger_incomplete,process_spawn|shell_execution,requires_long_horizon_task,True,2026-04-27T06:00:01.221640+00:00,2026-04-27T06:00:13.276296+00:00
mnt_e_dangerous_skills_pomodoro_src,pomodoro,/mnt/e/dangerous_skills/pomodoro/src,completed,低风险,low,0,low,benign_like,partial,completed_full,,,base_lightweight,base_lightweight,ready,unknown,unknown,insufficient_context,authored_skill_logic,trigger_incomplete,,requires_long_horizon_task,True,2026-04-27T06:00:13.487651+00:00,2026-04-27T06:00:21.749538+00:00
mnt_e_dangerous_skills_posteyskills_skills_postey,postey,/mnt/e/dangerous_skills/posteyskills/skills/postey,completed,低风险,low,0,low,weakly_suspicious,partial,completed_full,,,base_lightweight,base_lightweight,conditional,unknown,unknown,ambiguous_connected_workflow,mixed,trigger_incomplete,process_spawn,requires_web_platform|requires_external_api_key|requires_user_supplied_artifact|requires_interactive_prompting|requires_local_helper_tooling,True,2026-04-27T06:00:22.022138+00:00,2026-04-27T06:00:32.690259+00:00
mnt_e_dangerous_skills_ppt-master_skills_ppt-master,ppt-master,/mnt/e/dangerous_skills/ppt-master/skills/ppt-master,completed,低风险,low,0,low,benign_like,partial,completed_full,,,adapter_backed,adapter_backed,blocked,unknown,unknown,insufficient_context,authored_skill_logic,trigger_incomplete,file_write,requires_web_platform|requires_external_api_key|requires_long_horizon_task|requires_interactive_prompting|requires_local_helper_tooling|requires_document_or_office_stack,True,2026-04-27T06:00:33.005500+00:00,2026-04-27T06:08:45.227604+00:00
mnt_e_dangerous_skills_pptx-to-html-updated,pptx-to-html,/mnt/e/dangerous_skills/pptx-to-html-updated,completed,低风险,low,0,low,benign_like,partial,completed_full,,,adapter_backed,adapter_backed,blocked,unknown,unknown,insufficient_context,authored_skill_logic,trigger_incomplete,file_write,requires_browser|requires_web_platform|requires_user_supplied_artifact|requires_interactive_prompting|requires_local_helper_tooling|requires_document_or_office_stack,True,2026-04-27T06:08:45.445526+00:00,2026-04-27T06:08:58.328374+00:00
mnt_e_dangerous_skills_preety-mermaid-skills,pretty-mermaid,/mnt/e/dangerous_skills/preety-mermaid-skills,completed,低风险,low,0,low,weakly_suspicious,partial,completed_full,,,adapter_backed,adapter_backed,blocked,unknown,unknown,unsafe_command_construction,tool_selection,trigger_incomplete,file_write|process_spawn|shell_execution,requires_browser|requires_local_helper_tooling|requires_document_or_office_stack,True,2026-04-27T06:08:58.513879+00:00,2026-04-27T06:09:20.742654+00:00
mnt_e_dangerous_skills_prepare-wordpress_skills_prepare-wordpress,prepare-wordpress,/mnt/e/dangerous_skills/prepare-wordpress/skills/prepare-wordpress,completed,低风险,low,0,medium,benign_like,partial,completed_full,,,base_lightweight,base_lightweight,conditional,unknown,unknown,insufficient_context,authored_skill_logic,trigger_incomplete,,requires_web_platform|requires_user_supplied_artifact|requires_interactive_prompting|requires_local_helper_tooling,True,2026-04-27T06:09:21.027053+00:00,2026-04-27T06:09:29.476904+00:00
mnt_e_dangerous_skills_pretty-mermaid-skills,pretty-mermaid,/mnt/e/dangerous_skills/pretty-mermaid-skills,completed,低风险,low,0,low,weakly_suspicious,partial,completed_full,,,adapter_backed,adapter_backed,blocked,unknown,unknown,unsafe_command_construction,tool_selection,trigger_incomplete,file_write|process_spawn|shell_execution,requires_browser|requires_local_helper_tooling|requires_document_or_office_stack,True,2026-04-27T06:09:29.651068+00:00,2026-04-27T06:10:14.680332+00:00
mnt_e_dangerous_skills_proactive-agent-skill,proactive-agent-skill,/mnt/e/dangerous_skills/proactive-agent-skill,completed,低风险,low,0,low,benign_like,partial,completed_full,,,adapter_backed,adapter_backed,blocked,unknown,unknown,insufficient_context,authored_skill_logic,trigger_incomplete,file_write,requires_long_horizon_task|requires_local_helper_tooling|requires_messaging_stack,True,2026-04-27T06:10:14.852614+00:00,2026-04-27T06:10:24.058062+00:00
mnt_e_dangerous_skills_proactive-solvr,proactive-solvr,/mnt/e/dangerous_skills/proactive-solvr,skipped,,,,low,benign_like,partial,skipped_bounded,auth_or_external_account_required,auth_or_external_account_required,adapter_backed,adapter_backed,blocked,prompt_injection_suspected,prompt_injection_suspected,insufficient_context,authored_skill_logic,static_only,,requires_web_platform|requires_oauth_or_login|requires_external_api_key|requires_callback_or_webhook|requires_long_horizon_task|requires_local_helper_tooling|requires_document_or_office_stack|requires_messaging_stack,True,2026-04-27T06:10:24.753937+00:00,2026-04-27T06:10:24.753965+00:00
mnt_e_dangerous_skills_proactive-tasks,proactive-tasks,/mnt/e/dangerous_skills/proactive-tasks,completed,低风险,low,0,low,weakly_suspicious,partial,completed_full,,,base_lightweight,base_lightweight,ready,unknown,unknown,ambiguous_connected_workflow,mixed,trigger_incomplete,process_spawn,requires_long_horizon_task|requires_interactive_prompting|requires_local_helper_tooling,True,2026-04-27T06:10:24.952525+00:00,2026-04-27T06:10:40.330876+00:00
mnt_e_dangerous_skills_project-understanding_skills_project-understanding,project-understanding,/mnt/e/dangerous_skills/project-understanding/skills/project-understanding,completed,低风险,low,0,low,weakly_suspicious,partial,completed_full,,,base_lightweight,base_lightweight,conditional,skill_design,unsafe_command_construction,unsafe_command_construction,tool_selection,trigger_incomplete,process_spawn|shell_execution,requires_external_api_key|requires_local_helper_tooling,True,2026-04-27T06:10:40.676696+00:00,2026-04-27T06:10:56.863375+00:00
mnt_e_dangerous_skills_prompt-engineering_skill_lang_chain_graphy_skill,langchain-langgraph-coding-assistant,/mnt/e/dangerous_skills/prompt-engineering/Skill/lang_chain&graphy_skill,completed,低风险,low,0,low,benign_like,partial,completed_full,,,base_lightweight,base_lightweight,ready,unknown,unknown,insufficient_context,authored_skill_logic,trigger_incomplete,,,True,2026-04-27T06:10:57.137365+00:00,2026-04-27T06:11:17.897027+00:00
mnt_e_dangerous_skills_prompt-engineering-skill,prompt-engineering,/mnt/e/dangerous_skills/prompt-engineering-skill,completed,低风险,low,0,low,benign_like,partial,completed_full,,,base_lightweight,base_lightweight,conditional,unknown,unknown,insufficient_context,authored_skill_logic,trigger_incomplete,,requires_web_platform|requires_external_api_key|requires_long_horizon_task|requires_interactive_prompting,True,2026-04-27T06:11:18.120262+00:00,2026-04-27T06:11:54.034727+00:00
mnt_e_dangerous_skills_prompt-guard,prompt-guard,/mnt/e/dangerous_skills/prompt-guard,completed,严重风险,critical,80,critical,severe_risk,partial,completed_full,,,adapter_backed,adapter_backed,blocked,skill_design,unsafe_dataflow_design,unsafe_dataflow_design,authored_skill_logic,trigger_incomplete,file_write|network_access,requires_web_platform|requires_external_api_key|requires_callback_or_webhook|requires_local_helper_tooling,True,2026-04-27T06:11:54.214042+00:00,2026-04-27T06:12:00.792128+00:00
mnt_e_dangerous_skills_pytincture-skill_skills_pytincture-dhxpyt,pytincture-dhxpyt,/mnt/e/dangerous_skills/pytincture-skill/skills/pytincture-dhxpyt,completed,低风险,low,0,low,benign_like,partial,completed_full,,,browser_lightweight,browser_lightweight,ready,unknown,unknown,insufficient_context,authored_skill_logic,trigger_incomplete,,requires_browser|requires_web_platform,True,2026-04-27T06:12:01.099520+00:00,2026-04-27T06:13:01.639304+00:00
mnt_e_dangerous_skills_qwen-tts,qwen-tts-voice-cloning,/mnt/e/dangerous_skills/qwen-tts,completed,低风险,low,0,low,weakly_suspicious,partial,completed_full,,,base_lightweight,base_lightweight,conditional,skill_design,unsafe_command_construction,unsafe_command_construction,tool_selection,trigger_incomplete,process_spawn|shell_execution,requires_web_platform|requires_external_api_key|requires_long_horizon_task|requires_interactive_prompting,True,2026-04-27T06:13:01.846573+00:00,2026-04-27T06:13:13.078805+00:00
mnt_e_dangerous_skills_rabbit-r1-livekit-skill,rabbit-r1-livekit,/mnt/e/dangerous_skills/rabbit-r1-livekit-skill,skipped,,,,high,benign_like,partial,skipped_bounded,auth_or_external_account_required,auth_or_external_account_required,browser_lightweight,browser_lightweight,blocked,unknown,unknown,insufficient_context,authored_skill_logic,static_only,,requires_browser|requires_web_platform|requires_oauth_or_login|requires_external_api_key|requires_interactive_prompting,True,2026-04-27T06:13:13.526470+00:00,2026-04-27T06:13:13.526490+00:00
mnt_e_dangerous_skills_railway-skills_plugins_railway_skills_use-railway,use-railway,/mnt/e/dangerous_skills/railway-skills/plugins/railway/skills/use-railway,skipped,,,,medium,benign_like,partial,skipped_bounded,auth_or_external_account_required,auth_or_external_account_required,adapter_backed,base_lightweight,blocked,unknown,unknown,insufficient_context,authored_skill_logic,static_only,,requires_web_platform|requires_oauth_or_login|requires_interactive_prompting|requires_local_helper_tooling,True,2026-04-27T06:13:15.545000+00:00,2026-04-27T06:13:15.545026+00:00
mnt_e_dangerous_skills_raven-transfer,raven-transfer,/mnt/e/dangerous_skills/raven-transfer,completed,低风险,low,0,low,weakly_suspicious,partial,completed_full,,,base_lightweight,base_lightweight,conditional,unknown,unknown,unsafe_command_construction,tool_selection,trigger_incomplete,process_spawn|shell_execution,requires_external_api_key|requires_local_helper_tooling,True,2026-04-27T06:13:15.764215+00:00,2026-04-27T06:13:39.952687+00:00
mnt_e_dangerous_skills_raw2jpg,raw2jpg,/mnt/e/dangerous_skills/raw2jpg,completed,低风险,low,0,medium,weakly_suspicious,partial,completed_full,,,base_lightweight,base_lightweight,conditional,unknown,unknown,unsafe_command_construction,tool_selection,trigger_incomplete,process_spawn|shell_execution,requires_user_supplied_artifact,True,2026-04-27T06:13:40.154396+00:00,2026-04-27T06:13:50.563425+00:00
mnt_e_dangerous_skills_redbook,redbook,/mnt/e/dangerous_skills/redbook,skipped,,,,medium,benign_like,partial,skipped_bounded,auth_or_external_account_required,auth_or_external_account_required,deep_execution,deep_execution,blocked,unknown,unknown,insufficient_context,authored_skill_logic,static_only,,requires_browser|requires_web_platform|requires_oauth_or_login|requires_external_api_key|requires_long_horizon_task|requires_user_supplied_artifact|requires_local_helper_tooling,True,2026-04-27T06:13:51.107161+00:00,2026-04-27T06:13:51.107183+00:00
mnt_e_dangerous_skills_redbook-creator-publish,redbook-creator-publish,/mnt/e/dangerous_skills/redbook-creator-publish,completed,低风险,low,0,low,weakly_suspicious,partial,completed_full,,,browser_lightweight,browser_lightweight,conditional,unknown,unknown,ambiguous_connected_workflow,mixed,trigger_incomplete,process_spawn,requires_browser|requires_web_platform|requires_heavy_runtime|requires_user_supplied_artifact|requires_local_helper_tooling,True,2026-04-27T06:13:51.376299+00:00,2026-04-27T06:14:05.796084+00:00
mnt_e_dangerous_skills_remotion-ads,remotion-ads,/mnt/e/dangerous_skills/remotion-ads,completed,低风险,low,0,low,benign_like,partial,completed_full,,,adapter_backed,adapter_backed,blocked,unknown,unknown,insufficient_context,authored_skill_logic,trigger_incomplete,file_write,requires_web_platform|requires_user_supplied_artifact|requires_local_helper_tooling|requires_document_or_office_stack,True,2026-04-27T06:14:05.983665+00:00,2026-04-27T06:14:55.073786+00:00
mnt_e_dangerous_skills_research-report-fetcher,research-report-fetcher,/mnt/e/dangerous_skills/research-report-fetcher,completed,低风险,low,0,low,benign_like,partial,completed_full,,,adapter_backed,adapter_backed,blocked,unknown,unknown,insufficient_context,authored_skill_logic,trigger_incomplete,file_write,requires_web_platform|requires_local_helper_tooling|requires_document_or_office_stack,True,2026-04-27T06:14:55.256552+00:00,2026-04-27T06:15:19.372057+00:00
mnt_e_dangerous_skills_resend-cli,resend-cli,/mnt/e/dangerous_skills/resend-cli,skipped,,,,medium,benign_like,partial,skipped_bounded,auth_or_external_account_required,auth_or_external_account_required,adapter_backed,adapter_backed,blocked,unknown,unknown,insufficient_context,authored_skill_logic,static_only,,requires_web_platform|requires_oauth_or_login|requires_external_api_key|requires_callback_or_webhook|requires_local_helper_tooling|requires_messaging_stack,True,2026-04-27T06:15:19.878365+00:00,2026-04-27T06:15:19.878386+00:00
mnt_e_dangerous_skills_restart-guard,restart-guard,/mnt/e/dangerous_skills/restart-guard,completed,低风险,low,0,low,weakly_suspicious,partial,completed_full,,,adapter_backed,adapter_backed,blocked,unknown,unknown,ambiguous_connected_workflow,mixed,trigger_incomplete,file_write|process_spawn,requires_web_platform|requires_external_api_key|requires_callback_or_webhook|requires_long_horizon_task|requires_local_helper_tooling|requires_messaging_stack,True,2026-04-27T06:15:20.033320+00:00,2026-04-27T06:15:32.676131+00:00
mnt_e_dangerous_skills_rlm-mem,rlm-mem,/mnt/e/dangerous_skills/rlm-mem,completed,低风险,low,0,low,benign_like,partial,completed_full,,,base_lightweight,base_lightweight,ready,unknown,unknown,insufficient_context,authored_skill_logic,trigger_incomplete,,requires_local_helper_tooling,True,2026-04-27T06:15:32.846718+00:00,2026-04-27T06:15:52.153857+00:00
mnt_e_dangerous_skills_roier-seo,roier-seo,/mnt/e/dangerous_skills/roier-seo,completed,低风险,low,0,low,weakly_suspicious,partial,completed_full,,,adapter_backed,adapter_backed,blocked,unknown,unknown,unsafe_command_construction,tool_selection,trigger_incomplete,file_write|process_spawn|shell_execution,requires_browser|requires_web_platform|requires_local_helper_tooling|requires_document_or_office_stack|requires_messaging_stack,True,2026-04-27T06:15:52.325250+00:00,2026-04-27T06:16:23.969967+00:00
mnt_e_dangerous_skills_ros-bridge-skill,ros-bridge,/mnt/e/dangerous_skills/ros-bridge-skill,completed,低风险,low,0,low,benign_like,partial,completed_full,,,base_lightweight,base_lightweight,ready,unknown,unknown,insufficient_context,authored_skill_logic,trigger_incomplete,,requires_web_platform,True,2026-04-27T06:16:24.143126+00:00,2026-04-27T06:17:28.050276+00:00
mnt_e_dangerous_skills_roundcube-webmail-skill,roundcube-webmail,/mnt/e/dangerous_skills/roundcube-webmail-skill,skipped,,,,low,benign_like,partial,skipped_bounded,auth_or_external_account_required,auth_or_external_account_required,adapter_backed,adapter_backed,blocked,unknown,unknown,insufficient_context,authored_skill_logic,static_only,,requires_browser|requires_web_platform|requires_oauth_or_login|requires_callback_or_webhook|requires_heavy_runtime|requires_local_helper_tooling|requires_messaging_stack,True,2026-04-27T06:17:28.744247+00:00,2026-04-27T06:17:28.744270+00:00
mnt_e_dangerous_skills_safe-exec,safe-exec,/mnt/e/dangerous_skills/safe-exec,completed,低风险,low,0,critical,benign_like,partial,completed_full,,,adapter_backed,adapter_backed,blocked,unknown,unknown,insufficient_context,authored_skill_logic,trigger_incomplete,file_write,requires_web_platform|requires_callback_or_webhook|requires_long_horizon_task|requires_interactive_prompting|requires_local_helper_tooling|requires_messaging_stack,True,2026-04-27T06:17:28.910395+00:00,2026-04-27T06:17:57.178519+00:00
mnt_e_dangerous_skills_sanitize_skills_sanitize,sanitize,/mnt/e/dangerous_skills/sanitize/skills/sanitize,completed,低风险,low,0,low,benign_like,partial,completed_full,,,base_lightweight,base_lightweight,conditional,unknown,unknown,insufficient_context,authored_skill_logic,trigger_incomplete,,requires_web_platform|requires_external_api_key|requires_local_helper_tooling,True,2026-04-27T06:17:57.438099+00:00,2026-04-27T06:18:07.434892+00:00
mnt_e_dangerous_skills_schema-mapper,schema-mapper,/mnt/e/dangerous_skills/schema-mapper,skipped,,,,low,benign_like,partial,skipped_bounded,auth_or_external_account_required,auth_or_external_account_required,adapter_backed,adapter_backed,blocked,unknown,unknown,insufficient_context,authored_skill_logic,static_only,,requires_browser|requires_web_platform|requires_oauth_or_login|requires_callback_or_webhook|requires_interactive_prompting|requires_document_or_office_stack,True,2026-04-27T06:18:07.905624+00:00,2026-04-27T06:18:07.905649+00:00
mnt_e_dangerous_skills_scientific-skills_skills_arxiv-search,arxiv-search,/mnt/e/dangerous_skills/scientific-skills/skills/arxiv-search,completed,低风险,low,0,low,weakly_suspicious,partial,completed_full,,,base_lightweight,base_lightweight,conditional,unknown,unknown,unsafe_command_construction,tool_selection,trigger_incomplete,process_spawn|shell_execution,requires_web_platform|requires_external_api_key|requires_interactive_prompting|requires_local_helper_tooling,True,2026-04-27T06:18:08.194322+00:00,2026-04-27T06:18:32.692864+00:00
mnt_e_dangerous_skills_scientific-skills_skills_biomedical-search,biomedical-search,/mnt/e/dangerous_skills/scientific-skills/skills/biomedical-search,completed,低风险,low,0,low,benign_like,partial,completed_full,,,base_lightweight,base_lightweight,conditional,unknown,unknown,insufficient_context,authored_skill_logic,trigger_incomplete,,requires_web_platform|requires_external_api_key|requires_interactive_prompting|requires_local_helper_tooling,True,2026-04-27T06:18:32.958929+00:00,2026-04-27T06:18:43.301956+00:00
mnt_e_dangerous_skills_scientific-skills_skills_biorxiv-search,biorxiv-search,/mnt/e/dangerous_skills/scientific-skills/skills/biorxiv-search,completed,低风险,low,0,low,benign_like,partial,completed_full,,,base_lightweight,base_lightweight,conditional,unknown,unknown,insufficient_context,authored_skill_logic,trigger_incomplete,,requires_web_platform|requires_external_api_key|requires_interactive_prompting|requires_local_helper_tooling,True,2026-04-27T06:18:43.670047+00:00,2026-04-27T06:18:56.045064+00:00
mnt_e_dangerous_skills_scientific-skills_skills_chembl-search,chembl-search,/mnt/e/dangerous_skills/scientific-skills/skills/chembl-search,completed,低风险,low,0,low,benign_like,partial,completed_full,,,base_lightweight,base_lightweight,conditional,unknown,unknown,insufficient_context,authored_skill_logic,trigger_incomplete,,requires_web_platform|requires_external_api_key|requires_interactive_prompting|requires_local_helper_tooling,True,2026-04-27T06:18:56.307590+00:00,2026-04-27T06:19:03.393630+00:00
mnt_e_dangerous_skills_scientific-skills_skills_clinical-trials-search,clinical-trials-search,/mnt/e/dangerous_skills/scientific-skills/skills/clinical-trials-search,completed,低风险,low,0,low,benign_like,partial,completed_full,,,base_lightweight,base_lightweight,conditional,unknown,unknown,insufficient_context,authored_skill_logic,trigger_incomplete,,requires_web_platform|requires_external_api_key|requires_long_horizon_task|requires_interactive_prompting|requires_local_helper_tooling,True,2026-04-27T06:19:03.679314+00:00,2026-04-27T06:19:11.377121+00:00
mnt_e_dangerous_skills_scientific-skills_skills_drug-discovery-search,drug-discovery-search,/mnt/e/dangerous_skills/scientific-skills/skills/drug-discovery-search,completed,低风险,low,0,low,benign_like,partial,completed_full,,,base_lightweight,base_lightweight,conditional,unknown,unknown,insufficient_context,authored_skill_logic,trigger_incomplete,,requires_web_platform|requires_external_api_key|requires_interactive_prompting|requires_local_helper_tooling,True,2026-04-27T06:19:13.745152+00:00,2026-04-27T06:19:32.272157+00:00
mnt_e_dangerous_skills_scientific-skills_skills_drug-labels-search,drug-labels-search,/mnt/e/dangerous_skills/scientific-skills/skills/drug-labels-search,completed,低风险,low,0,low,benign_like,partial,completed_full,,,base_lightweight,base_lightweight,conditional,unknown,unknown,insufficient_context,authored_skill_logic,trigger_incomplete,,requires_web_platform|requires_external_api_key|requires_long_horizon_task|requires_interactive_prompting|requires_local_helper_tooling,True,2026-04-27T06:19:32.549927+00:00,2026-04-27T06:19:41.000290+00:00
mnt_e_dangerous_skills_scientific-skills_skills_drugbank-search,drugbank-search,/mnt/e/dangerous_skills/scientific-skills/skills/drugbank-search,completed,低风险,low,0,low,weakly_suspicious,partial,completed_full,,,base_lightweight,base_lightweight,conditional,unknown,unknown,unsafe_command_construction,tool_selection,trigger_incomplete,process_spawn|shell_execution,requires_web_platform|requires_external_api_key|requires_interactive_prompting|requires_local_helper_tooling,True,2026-04-27T06:19:41.300550+00:00,2026-04-27T06:20:07.686013+00:00
mnt_e_dangerous_skills_scientific-skills_skills_literature-search,literature-search,/mnt/e/dangerous_skills/scientific-skills/skills/literature-search,completed,低风险,low,0,low,benign_like,partial,completed_full,,,base_lightweight,base_lightweight,conditional,unknown,unknown,insufficient_context,authored_skill_logic,trigger_incomplete,,requires_web_platform|requires_external_api_key|requires_interactive_prompting|requires_local_helper_tooling,True,2026-04-27T06:20:07.955050+00:00,2026-04-27T06:20:14.777427+00:00
mnt_e_dangerous_skills_scientific-skills_skills_medrxiv-search,medrxiv-search,/mnt/e/dangerous_skills/scientific-skills/skills/medrxiv-search,completed,低风险,low,0,low,benign_like,partial,completed_full,,,base_lightweight,base_lightweight,conditional,unknown,unknown,insufficient_context,authored_skill_logic,trigger_incomplete,,requires_web_platform|requires_external_api_key|requires_interactive_prompting|requires_local_helper_tooling,True,2026-04-27T06:20:15.049404+00:00,2026-04-27T06:20:25.643959+00:00
mnt_e_dangerous_skills_scientific-skills_skills_open-targets-search,open-targets-search,/mnt/e/dangerous_skills/scientific-skills/skills/open-targets-search,completed,低风险,low,0,low,benign_like,partial,completed_full,,,base_lightweight,base_lightweight,conditional,unknown,unknown,insufficient_context,authored_skill_logic,trigger_incomplete,,requires_web_platform|requires_external_api_key|requires_interactive_prompting|requires_local_helper_tooling,True,2026-04-27T06:20:25.935756+00:00,2026-04-27T06:20:34.357735+00:00
mnt_e_dangerous_skills_scientific-skills_skills_patents-search,patents-search,/mnt/e/dangerous_skills/scientific-skills/skills/patents-search,completed,低风险,low,0,low,benign_like,partial,completed_full,,,base_lightweight,base_lightweight,conditional,unknown,unknown,insufficient_context,authored_skill_logic,trigger_incomplete,,requires_web_platform|requires_external_api_key|requires_interactive_prompting|requires_local_helper_tooling,True,2026-04-27T06:20:34.618035+00:00,2026-04-27T06:20:47.539910+00:00
mnt_e_dangerous_skills_scientific-skills_skills_pubmed-search,pubmed-search,/mnt/e/dangerous_skills/scientific-skills/skills/pubmed-search,completed,低风险,low,0,low,weakly_suspicious,partial,completed_full,,,base_lightweight,base_lightweight,conditional,unknown,unknown,unsafe_command_construction,tool_selection,trigger_incomplete,process_spawn|shell_execution,requires_web_platform|requires_external_api_key|requires_interactive_prompting|requires_local_helper_tooling,True,2026-04-27T06:20:47.818828+00:00,2026-04-27T06:20:58.911081+00:00
mnt_e_dangerous_skills_se-dev-skills_skills_se-dev-game-code,se-dev-game-code,/mnt/e/dangerous_skills/se-dev-skills/skills/se-dev-game-code,completed,低风险,low,0,low,benign_like,partial,completed_full,,,base_lightweight,base_lightweight,ready,unknown,unknown,insufficient_context,authored_skill_logic,trigger_incomplete,,,True,2026-04-27T06:20:59.197539+00:00,2026-04-27T06:21:08.825116+00:00
mnt_e_dangerous_skills_se-dev-skills_skills_se-dev-mod,se-dev-mod,/mnt/e/dangerous_skills/se-dev-skills/skills/se-dev-mod,completed,低风险,low,0,low,benign_like,partial,completed_full,,,base_lightweight,base_lightweight,ready,unknown,unknown,insufficient_context,authored_skill_logic,trigger_incomplete,file_write,,True,2026-04-27T06:21:09.227099+00:00,2026-04-27T06:21:32.356272+00:00
mnt_e_dangerous_skills_se-dev-skills_skills_se-dev-plugin,se-dev-plugin,/mnt/e/dangerous_skills/se-dev-skills/skills/se-dev-plugin,completed,低风险,low,0,low,benign_like,partial,completed_full,,,base_lightweight,base_lightweight,ready,unknown,unknown,insufficient_context,authored_skill_logic,trigger_incomplete,,,True,2026-04-27T06:21:32.668406+00:00,2026-04-27T06:21:59.210938+00:00
mnt_e_dangerous_skills_se-dev-skills_skills_se-dev-script,se-dev-script,/mnt/e/dangerous_skills/se-dev-skills/skills/se-dev-script,completed,低风险,low,0,low,benign_like,partial,completed_full,,,adapter_backed,adapter_backed,blocked,unknown,unknown,insufficient_context,authored_skill_logic,trigger_incomplete,file_write,requires_messaging_stack,True,2026-04-27T06:21:59.504076+00:00,2026-04-27T06:22:24.044806+00:00
mnt_e_dangerous_skills_se-dev-skills_skills_se-dev-server-code,se-dev-server-code,/mnt/e/dangerous_skills/se-dev-skills/skills/se-dev-server-code,completed,低风险,low,0,low,weakly_suspicious,partial,completed_full,,,base_lightweight,base_lightweight,ready,skill_design,unsafe_command_construction,unsafe_command_construction,tool_selection,trigger_incomplete,process_spawn|shell_execution,,True,2026-04-27T06:22:24.318325+00:00,2026-04-27T06:22:39.995697+00:00
mnt_e_dangerous_skills_section-11,section-11,/mnt/e/dangerous_skills/section-11,completed,低风险,low,0,medium,benign_like,partial,completed_full,,,base_lightweight,base_lightweight,conditional,unknown,unknown,insufficient_context,authored_skill_logic,trigger_incomplete,,requires_web_platform|requires_external_api_key|requires_user_supplied_artifact,True,2026-04-27T06:22:40.159819+00:00,2026-04-27T06:23:14.652426+00:00
mnt_e_dangerous_skills_secure-server-setup-skills_secure-server-setup_auto-updates,auto-updates,/mnt/e/dangerous_skills/secure-server-setup-skills/secure-server-setup/auto-updates,completed,低风险,low,0,low,weakly_suspicious,partial,completed_full,,,base_lightweight,base_lightweight,ready,skill_design,unsafe_command_construction,unsafe_command_construction,tool_selection,trigger_incomplete,process_spawn|shell_execution,requires_long_horizon_task|requires_local_helper_tooling,True,2026-04-27T06:23:14.990076+00:00,2026-04-27T06:23:25.488782+00:00
mnt_e_dangerous_skills_secure-server-setup-skills_secure-server-setup_backup-strategy,backup-strategy,/mnt/e/dangerous_skills/secure-server-setup-skills/secure-server-setup/backup-strategy,completed,低风险,low,0,low,benign_like,partial,completed_full,,,adapter_backed,adapter_backed,blocked,unknown,unknown,insufficient_context,authored_skill_logic,trigger_incomplete,file_write,requires_long_horizon_task|requires_user_supplied_artifact|requires_local_helper_tooling|requires_messaging_stack,True,2026-04-27T06:23:25.749635+00:00,2026-04-27T06:24:49.642299+00:00
mnt_e_dangerous_skills_secure-server-setup-skills_secure-server-setup_fail2ban-setup,fail2ban-setup,/mnt/e/dangerous_skills/secure-server-setup-skills/secure-server-setup/fail2ban-setup,skipped,,,,low,benign_like,partial,skipped_bounded,auth_or_external_account_required,auth_or_external_account_required,adapter_backed,adapter_backed,blocked,unknown,unknown,insufficient_context,authored_skill_logic,static_only,,requires_web_platform|requires_oauth_or_login|requires_long_horizon_task|requires_local_helper_tooling|requires_document_or_office_stack|requires_messaging_stack,True,2026-04-27T06:24:50.716534+00:00,2026-04-27T06:24:50.716555+00:00
mnt_e_dangerous_skills_secure-server-setup-skills_secure-server-setup_firewall-configuration,firewall-configuration,/mnt/e/dangerous_skills/secure-server-setup-skills/secure-server-setup/firewall-configuration,completed,低风险,low,0,low,benign_like,partial,completed_full,,,adapter_backed,adapter_backed,blocked,unknown,unknown,insufficient_context,authored_skill_logic,trigger_incomplete,file_write,requires_long_horizon_task|requires_local_helper_tooling|requires_document_or_office_stack|requires_messaging_stack,True,2026-04-27T06:24:51.169159+00:00,2026-04-27T06:24:59.619082+00:00
mnt_e_dangerous_skills_secure-server-setup-skills_secure-server-setup_ssh-hardening,ssh-hardening,/mnt/e/dangerous_skills/secure-server-setup-skills/secure-server-setup/ssh-hardening,skipped,,,,low,benign_like,partial,skipped_bounded,auth_or_external_account_required,auth_or_external_account_required,adapter_backed,adapter_backed,blocked,unknown,unknown,insufficient_context,authored_skill_logic,static_only,,requires_oauth_or_login|requires_long_horizon_task|requires_local_helper_tooling|requires_messaging_stack,True,2026-04-27T06:25:00.618431+00:00,2026-04-27T06:25:00.618459+00:00
mnt_e_dangerous_skills_secureclaw_secureclaw,secureclaw,/mnt/e/dangerous_skills/secureclaw/secureclaw,completed,低风险,low,0,critical,weakly_suspicious,partial,completed_full,,,base_lightweight,base_lightweight,ready,unknown,unknown,unsafe_command_construction,tool_selection,trigger_incomplete,process_spawn|shell_execution,requires_web_platform|requires_long_horizon_task,True,2026-04-27T06:25:00.886103+00:00,2026-04-27T06:25:12.914892+00:00
mnt_e_dangerous_skills_secureclaw_secureclaw_skill,secureclaw,/mnt/e/dangerous_skills/secureclaw/secureclaw/skill,completed,低风险,low,0,medium,weakly_suspicious,partial,completed_full,,,adapter_backed,adapter_backed,blocked,unknown,unknown,unsafe_command_construction,tool_selection,trigger_incomplete,file_write|process_spawn|shell_execution,requires_web_platform|requires_external_api_key|requires_long_horizon_task|requires_local_helper_tooling|requires_messaging_stack,True,2026-04-27T06:25:13.204021+00:00,2026-04-27T06:25:23.252913+00:00
mnt_e_dangerous_skills_security-audit-skill_skills_security-audit,security-audit,/mnt/e/dangerous_skills/security-audit-skill/skills/security-audit,completed,低风险,low,0,low,benign_like,partial,completed_full,,,base_lightweight,base_lightweight,conditional,unknown,unknown,insufficient_context,authored_skill_logic,trigger_incomplete,file_write,requires_web_platform|requires_external_api_key|requires_user_supplied_artifact|requires_local_helper_tooling,True,2026-04-27T06:25:23.639342+00:00,2026-04-27T06:25:59.280585+00:00
mnt_e_dangerous_skills_securityclaw_skills_securityclaw-skill,securityclaw-skill,/mnt/e/dangerous_skills/securityclaw/skills/securityclaw-skill,completed,低风险,low,0,low,weakly_suspicious,partial,completed_full,,,adapter_backed,adapter_backed,blocked,unknown,unknown,unsafe_command_construction,tool_selection,trigger_incomplete,file_write|process_spawn|shell_execution,requires_external_api_key|requires_callback_or_webhook|requires_long_horizon_task|requires_local_helper_tooling|requires_messaging_stack,True,2026-04-27T06:25:59.542441+00:00,2026-04-27T06:26:12.242322+00:00
mnt_e_dangerous_skills_seedance2-skill,seedance2,/mnt/e/dangerous_skills/seedance2-skill,completed,低风险,low,0,low,benign_like,partial,completed_full,,,adapter_backed,adapter_backed,blocked,unknown,unknown,insufficient_context,authored_skill_logic,trigger_incomplete,file_write,requires_web_platform|requires_external_api_key|requires_callback_or_webhook|requires_local_helper_tooling,True,2026-04-27T06:26:12.419311+00:00,2026-04-27T06:26:39.631330+00:00
mnt_e_dangerous_skills_self-improving-agent,self-improvement,/mnt/e/dangerous_skills/self-improving-agent,completed,低风险,low,0,low,weakly_suspicious,partial,completed_full,,,base_lightweight,base_lightweight,conditional,skill_design,unsafe_command_construction,unsafe_command_construction,tool_selection,trigger_incomplete,process_spawn|shell_execution,requires_web_platform|requires_external_api_key|requires_long_horizon_task|requires_local_helper_tooling,True,2026-04-27T06:26:39.796516+00:00,2026-04-27T06:27:37.854603+00:00
mnt_e_dangerous_skills_sheets-cli,sheets-cli,/mnt/e/dangerous_skills/sheets-cli,skipped,,,,low,benign_like,partial,skipped_bounded,auth_or_external_account_required,auth_or_external_account_required,adapter_backed,adapter_backed,blocked,unknown,unknown,insufficient_context,authored_skill_logic,static_only,,requires_web_platform|requires_oauth_or_login|requires_document_or_office_stack,True,2026-04-27T06:27:38.248400+00:00,2026-04-27T06:27:38.248428+00:00
mnt_e_dangerous_skills_shopify-app-factory,shopify-app-factory,/mnt/e/dangerous_skills/shopify-app-factory,completed,低风险,low,0,low,benign_like,partial,completed_full,,,adapter_backed,adapter_backed,blocked,unknown,unknown,insufficient_context,authored_skill_logic,trigger_incomplete,file_write,requires_web_platform|requires_callback_or_webhook|requires_long_horizon_task|requires_interactive_prompting|requires_local_helper_tooling,True,2026-04-27T06:27:38.399670+00:00,2026-04-27T06:27:50.901111+00:00
mnt_e_dangerous_skills_simplemem_skill_simplemem-skill,simplemem-skill,/mnt/e/dangerous_skills/simplemem/SKILL/simplemem-skill,completed,低风险,low,0,low,weakly_suspicious,partial,completed_full,,,base_lightweight,base_lightweight,conditional,unknown,unknown,unsafe_command_construction,tool_selection,trigger_incomplete,process_spawn|shell_execution,requires_external_api_key|requires_heavy_runtime|requires_local_helper_tooling,True,2026-04-27T06:27:51.190846+00:00,2026-04-27T06:28:10.146321+00:00
mnt_e_dangerous_skills_siyuan-notes-skill,siyuan-notes,/mnt/e/dangerous_skills/siyuan-notes-skill,completed,低风险,low,0,low,benign_like,partial,completed_full,,,base_lightweight,base_lightweight,ready,unknown,unknown,insufficient_context,authored_skill_logic,trigger_incomplete,,,True,2026-04-27T06:28:10.327806+00:00,2026-04-27T06:28:23.798038+00:00
mnt_e_dangerous_skills_skill,pinchbench,/mnt/e/dangerous_skills/skill,completed,低风险,low,0,medium,weakly_suspicious,partial,completed_full,,,adapter_backed,adapter_backed,blocked,unknown,unknown,unsafe_command_construction,tool_selection,trigger_incomplete,file_write|process_spawn|shell_execution,requires_external_api_key|requires_user_supplied_artifact|requires_local_helper_tooling|requires_document_or_office_stack|requires_messaging_stack,True,2026-04-27T06:28:23.979552+00:00,2026-04-27T06:28:44.563613+00:00
mnt_e_dangerous_skills_skill--ask-many-models,ask-many-models,/mnt/e/dangerous_skills/skill--ask-many-models,completed,低风险,low,0,low,benign_like,partial,completed_full,,,adapter_backed,adapter_backed,blocked,unknown,unknown,insufficient_context,authored_skill_logic,trigger_incomplete,file_write,requires_browser|requires_external_api_key|requires_long_horizon_task|requires_local_helper_tooling|requires_messaging_stack,True,2026-04-27T06:28:44.749793+00:00,2026-04-27T06:28:57.877391+00:00
mnt_e_dangerous_skills_skill-bpmn-architect,bpmn-architect,/mnt/e/dangerous_skills/skill-bpmn-architect,completed,低风险,low,0,low,benign_like,partial,completed_full,,,adapter_backed,adapter_backed,blocked,unknown,unknown,insufficient_context,authored_skill_logic,trigger_incomplete,file_write,requires_callback_or_webhook|requires_messaging_stack,True,2026-04-27T06:28:58.070235+00:00,2026-04-27T06:29:37.650911+00:00
mnt_e_dangerous_skills_skill-deepresearch,skill-deepresearch,/mnt/e/dangerous_skills/skill-deepresearch,completed,低风险,low,0,low,benign_like,partial,completed_full,,,base_lightweight,base_lightweight,conditional,unknown,unknown,insufficient_context,authored_skill_logic,trigger_incomplete,,requires_external_api_key,True,2026-04-27T06:29:37.859711+00:00,2026-04-27T06:29:57.850890+00:00
mnt_e_dangerous_skills_skill-evaluator_skill-evaluator,skill-evaluator,/mnt/e/dangerous_skills/skill-evaluator/skill-evaluator,completed,低风险,low,0,low,benign_like,partial,completed_full,,,base_lightweight,base_lightweight,ready,unknown,unknown,insufficient_context,authored_skill_logic,trigger_incomplete,,requires_long_horizon_task|requires_local_helper_tooling,True,2026-04-27T06:29:58.096479+00:00,2026-04-27T06:31:05.675520+00:00
mnt_e_dangerous_skills_skill-finder,skill-finder,/mnt/e/dangerous_skills/skill-finder,completed,低风险,low,0,medium,benign_like,partial,completed_full,,,base_lightweight,base_lightweight,conditional,unknown,unknown,insufficient_context,authored_skill_logic,trigger_incomplete,,requires_web_platform|requires_external_api_key,True,2026-04-27T06:31:05.891607+00:00,2026-04-27T06:31:15.988104+00:00
mnt_e_dangerous_skills_skill-generator,skill-creator-ultra,/mnt/e/dangerous_skills/skill-generator,completed,低风险,low,0,medium,weakly_suspicious,partial,completed_full,,,base_lightweight,base_lightweight,conditional,skill_design,unsafe_command_construction,unsafe_command_construction,tool_selection,trigger_incomplete,process_spawn|shell_execution,requires_external_api_key|requires_local_helper_tooling,True,2026-04-27T06:31:16.146659+00:00,2026-04-27T06:32:33.292025+00:00
mnt_e_dangerous_skills_skill-issue,skill-issue,/mnt/e/dangerous_skills/skill-issue,completed,低风险,low,0,low,weakly_suspicious,partial,completed_full,,,base_lightweight,base_lightweight,ready,unknown,unknown,unsafe_command_construction,tool_selection,trigger_incomplete,process_spawn|shell_execution,requires_local_helper_tooling,True,2026-04-27T06:32:33.474769+00:00,2026-04-27T06:32:47.816505+00:00
mnt_e_dangerous_skills_skill-mermaid-render,mermaid-render,/mnt/e/dangerous_skills/skill-mermaid-render,completed,低风险,low,0,low,benign_like,partial,completed_full,,,adapter_backed,adapter_backed,blocked,unknown,unknown,insufficient_context,authored_skill_logic,trigger_incomplete,file_write,requires_browser|requires_web_platform|requires_user_supplied_artifact|requires_local_helper_tooling|requires_document_or_office_stack,True,2026-04-27T06:32:47.984673+00:00,2026-04-27T06:33:22.835065+00:00
mnt_e_dangerous_skills_skill-scanner_evals_skills_backdoor_magic-string-trigger,data-processor,/mnt/e/dangerous_skills/skill-scanner/evals/skills/backdoor/magic-string-trigger,completed,低风险,low,0,low,benign_like,partial,completed_full,,,base_lightweight,base_lightweight,ready,unknown,unknown,insufficient_context,authored_skill_logic,trigger_incomplete,,,True,2026-04-27T06:33:23.250899+00:00,2026-04-27T06:33:30.275327+00:00
mnt_e_dangerous_skills_skill-scanner_evals_skills_behavioral-analysis_multi-file-exfiltration,config-analyzer,/mnt/e/dangerous_skills/skill-scanner/evals/skills/behavioral-analysis/multi-file-exfiltration,completed,低风险,low,0,low,benign_like,partial,completed_full,,,base_lightweight,base_lightweight,ready,unknown,unknown,insufficient_context,authored_skill_logic,trigger_incomplete,,,True,2026-04-27T06:33:30.666216+00:00,2026-04-27T06:33:43.511124+00:00
mnt_e_dangerous_skills_skill-scanner_evals_skills_command-injection_eval-execution,safe-calculator,/mnt/e/dangerous_skills/skill-scanner/evals/skills/command-injection/eval-execution,completed,低风险,low,0,low,benign_like,partial,completed_full,,,base_lightweight,base_lightweight,ready,unknown,unknown,insufficient_context,authored_skill_logic,trigger_incomplete,,,True,2026-04-27T06:33:43.995029+00:00,2026-04-27T06:34:26.867431+00:00
mnt_e_dangerous_skills_skill-scanner_evals_skills_data-exfiltration_environment-secrets,environment-secrets-exfiltrator,/mnt/e/dangerous_skills/skill-scanner/evals/skills/data-exfiltration/environment-secrets,completed,低风险,low,0,low,weakly_suspicious,partial,completed_full,,,base_lightweight,base_lightweight,ready,skill_design,unsafe_command_construction,unsafe_command_construction,tool_selection,trigger_incomplete,process_spawn|shell_execution,,True,2026-04-27T06:34:27.262301+00:00,2026-04-27T06:35:03.709231+00:00
mnt_e_dangerous_skills_skill-scanner_evals_skills_obfuscation_base64-payload,data-processor,/mnt/e/dangerous_skills/skill-scanner/evals/skills/obfuscation/base64-payload,completed,低风险,low,0,low,benign_like,partial,completed_full,,,base_lightweight,base_lightweight,ready,unknown,unknown,insufficient_context,authored_skill_logic,trigger_incomplete,,,True,2026-04-27T06:35:04.149029+00:00,2026-04-27T06:35:22.702728+00:00
mnt_e_dangerous_skills_skill-scanner_evals_skills_path-traversal_file-reader,safe-file-reader,/mnt/e/dangerous_skills/skill-scanner/evals/skills/path-traversal/file-reader,completed,低风险,low,0,low,weakly_suspicious,partial,completed_full,,,base_lightweight,base_lightweight,ready,unknown,unknown,ambiguous_connected_workflow,mixed,trigger_incomplete,process_spawn,,True,2026-04-27T06:35:24.742509+00:00,2026-04-27T06:35:43.519749+00:00
mnt_e_dangerous_skills_skill-scanner_evals_skills_prompt-injection_jailbreak-override,jailbreak-override,/mnt/e/dangerous_skills/skill-scanner/evals/skills/prompt-injection/jailbreak-override,completed,低风险,low,0,low,benign_like,partial,completed_full,,,base_lightweight,base_lightweight,ready,unknown,unknown,insufficient_context,authored_skill_logic,trigger_incomplete,,,True,2026-04-27T06:35:43.893638+00:00,2026-04-27T06:36:08.149160+00:00
mnt_e_dangerous_skills_skill-scanner_evals_skills_resource-exhaustion_infinite-loop,data-analyzer,/mnt/e/dangerous_skills/skill-scanner/evals/skills/resource-exhaustion/infinite-loop,completed,低风险,low,0,low,benign_like,partial,completed_full,,,base_lightweight,base_lightweight,ready,unknown,unknown,insufficient_context,authored_skill_logic,trigger_incomplete,,,True,2026-04-27T06:36:08.524045+00:00,2026-04-27T06:36:17.245757+00:00
mnt_e_dangerous_skills_skill-scanner_evals_skills_safe-skills_simple-math,simple-math,/mnt/e/dangerous_skills/skill-scanner/evals/skills/safe-skills/simple-math,completed,低风险,low,0,low,benign_like,partial,completed_full,,,base_lightweight,base_lightweight,ready,unknown,unknown,insufficient_context,authored_skill_logic,trigger_incomplete,,,True,2026-04-27T06:36:17.659611+00:00,2026-04-27T06:36:26.422797+00:00
mnt_e_dangerous_skills_skill-scanner_evals_skills_safe-skills-2_file-validator,file-validator,/mnt/e/dangerous_skills/skill-scanner/evals/skills/safe-skills-2/file-validator,completed,低风险,low,0,low,weakly_suspicious,partial,completed_full,,,base_lightweight,base_lightweight,ready,unknown,unknown,ambiguous_connected_workflow,mixed,trigger_incomplete,process_spawn,,True,2026-04-27T06:36:26.839686+00:00,2026-04-27T06:36:58.133814+00:00
mnt_e_dangerous_skills_skill-scanner_evals_skills_sql-injection_database-query,database-query,/mnt/e/dangerous_skills/skill-scanner/evals/skills/sql-injection/database-query,completed,低风险,low,0,low,benign_like,partial,completed_full,,,base_lightweight,base_lightweight,ready,unknown,unknown,insufficient_context,authored_skill_logic,trigger_incomplete,,,True,2026-04-27T06:36:58.542893+00:00,2026-04-27T06:37:35.300818+00:00
mnt_e_dangerous_skills_skill-scanner_evals_test_skills_malicious_eicar-test,eicar-test,/mnt/e/dangerous_skills/skill-scanner/evals/test_skills/malicious/eicar-test,completed,低风险,low,0,low,benign_like,partial,completed_full,,,base_lightweight,base_lightweight,ready,unknown,unknown,insufficient_context,authored_skill_logic,trigger_incomplete,,,True,2026-04-27T06:37:35.723632+00:00,2026-04-27T06:37:45.981405+00:00
mnt_e_dangerous_skills_skill-scanner_evals_test_skills_malicious_exfiltrator,data-exfiltrator,/mnt/e/dangerous_skills/skill-scanner/evals/test_skills/malicious/exfiltrator,completed,中风险,medium,25,medium,weakly_suspicious,partial,completed_full,,,base_lightweight,base_lightweight,ready,llm_decision,llm_decision_induced_action,ambiguous_connected_workflow,mixed,trigger_incomplete,network_access,,True,2026-04-27T06:37:46.426712+00:00,2026-04-27T06:38:07.089858+00:00
mnt_e_dangerous_skills_skill-scanner_evals_test_skills_malicious_prompt-injection,prompt-injection-test,/mnt/e/dangerous_skills/skill-scanner/evals/test_skills/malicious/prompt-injection,completed,低风险,low,0,medium,benign_like,partial,completed_full,,,base_lightweight,base_lightweight,ready,unknown,unknown,insufficient_context,authored_skill_logic,trigger_incomplete,,requires_web_platform,True,2026-04-27T06:38:07.452983+00:00,2026-04-27T06:38:17.436993+00:00
mnt_e_dangerous_skills_skill-scanner_evals_test_skills_safe_simple-formatter,simple-formatter,/mnt/e/dangerous_skills/skill-scanner/evals/test_skills/safe/simple-formatter,completed,低风险,low,0,low,benign_like,partial,completed_full,,,base_lightweight,base_lightweight,ready,unknown,unknown,insufficient_context,authored_skill_logic,trigger_incomplete,,,True,2026-04-27T06:38:17.786457+00:00,2026-04-27T06:38:54.394851+00:00
mnt_e_dangerous_skills_skill-security-audit,skill-security-audit,/mnt/e/dangerous_skills/skill-security-audit,completed,低风险,low,0,critical,weakly_suspicious,partial,completed_full,,,base_lightweight,base_lightweight,conditional,unknown,unknown,ambiguous_connected_workflow,mixed,trigger_incomplete,file_write|process_spawn,requires_web_platform|requires_user_supplied_artifact|requires_local_helper_tooling,True,2026-04-27T06:38:54.557979+00:00,2026-04-27T06:39:24.958564+00:00
mnt_e_dangerous_skills_skill-security-auditor,skill-security-auditor,/mnt/e/dangerous_skills/skill-security-auditor,skipped,,,,medium,benign_like,partial,skipped_bounded,auth_or_external_account_required,auth_or_external_account_required,adapter_backed,adapter_backed,blocked,prompt_injection_suspected,prompt_injection_suspected,insufficient_context,authored_skill_logic,static_only,,requires_browser|requires_web_platform|requires_oauth_or_login|requires_external_api_key|requires_callback_or_webhook|requires_user_supplied_artifact|requires_messaging_stack,True,2026-04-27T06:39:25.354656+00:00,2026-04-27T06:39:25.354685+00:00
mnt_e_dangerous_skills_skill-tools,skill-tools,/mnt/e/dangerous_skills/skill-tools,completed,低风险,low,0,low,weakly_suspicious,partial,completed_full,,,adapter_backed,adapter_backed,blocked,unknown,unknown,unsafe_command_construction,tool_selection,trigger_incomplete,file_write|process_spawn|shell_execution,requires_web_platform|requires_heavy_runtime|requires_document_or_office_stack,True,2026-04-27T06:39:25.543343+00:00,2026-04-27T06:39:37.986570+00:00
mnt_e_dangerous_skills_skill-vettr_test_fixtures_malicious-skill,helo-world,/mnt/e/dangerous_skills/skill-vettr/test/fixtures/malicious-skill,completed,低风险,low,0,medium,benign_like,partial,completed_full,,,base_lightweight,base_lightweight,ready,unknown,unknown,insufficient_context,authored_skill_logic,trigger_incomplete,,,True,2026-04-27T06:39:38.381384+00:00,2026-04-27T06:39:59.569536+00:00
mnt_e_dangerous_skills_skill-vettr_test_fixtures_safe-skill,hello-world,/mnt/e/dangerous_skills/skill-vettr/test/fixtures/safe-skill,completed,低风险,low,0,low,benign_like,partial,completed_full,,,base_lightweight,base_lightweight,ready,unknown,unknown,insufficient_context,authored_skill_logic,trigger_incomplete,,,True,2026-04-27T06:39:59.980467+00:00,2026-04-27T06:40:13.277564+00:00
mnt_e_dangerous_skills_skill-visualizer-direct,visualize-with-libraries,/mnt/e/dangerous_skills/skill-visualizer-direct,completed,低风险,low,0,low,weakly_suspicious,partial,completed_full,,,adapter_backed,adapter_backed,blocked,unknown,unknown,unsafe_command_construction,tool_selection,trigger_incomplete,file_write|process_spawn|shell_execution,requires_messaging_stack,True,2026-04-27T06:40:13.470913+00:00,2026-04-27T06:41:51.744625+00:00
mnt_e_dangerous_skills_skill-visualizer-direct_skills_visualize-with-libraries,visualize-with-libraries,/mnt/e/dangerous_skills/skill-visualizer-direct/skills/visualize-with-libraries,completed,低风险,low,0,low,weakly_suspicious,partial,completed_full,,,adapter_backed,adapter_backed,blocked,unknown,unknown,unsafe_command_construction,tool_selection,trigger_incomplete,file_write|process_spawn|shell_execution,requires_messaging_stack,True,2026-04-27T06:41:52.153012+00:00,2026-04-27T06:42:48.872705+00:00
mnt_e_dangerous_skills_skill-zhihu-html,zhihu-html,/mnt/e/dangerous_skills/skill-zhihu-html,completed,低风险,low,0,low,benign_like,partial,completed_full,,,base_lightweight,base_lightweight,ready,unknown,unknown,insufficient_context,authored_skill_logic,trigger_incomplete,,requires_web_platform|requires_local_helper_tooling,True,2026-04-27T06:42:49.044692+00:00,2026-04-27T06:43:03.592383+00:00
mnt_e_dangerous_skills_skills_skills_report,report,/mnt/e/dangerous_skills/skills/skills/report,completed,低风险,low,0,low,benign_like,partial,completed_full,,,adapter_backed,adapter_backed,blocked,unknown,unknown,insufficient_context,authored_skill_logic,trigger_incomplete,file_write,requires_local_helper_tooling|requires_document_or_office_stack,True,2026-04-27T06:43:04.126368+00:00,2026-04-27T06:43:13.082830+00:00
mnt_e_dangerous_skills_skills-scout,skills-scout,/mnt/e/dangerous_skills/skills-scout,completed,低风险,low,0,medium,benign_like,partial,completed_full,,,browser_lightweight,browser_lightweight,conditional,unknown,unknown,insufficient_context,authored_skill_logic,trigger_incomplete,,requires_browser|requires_web_platform|requires_external_api_key|requires_interactive_prompting|requires_local_helper_tooling,True,2026-04-27T06:43:13.262908+00:00,2026-04-27T06:43:25.398526+00:00
mnt_e_dangerous_skills_skills-secure-vps-for-beginners,secure-vps-setup,/mnt/e/dangerous_skills/skills-secure-vps-for-beginners,skipped,,,,medium,benign_like,partial,skipped_bounded,auth_or_external_account_required,auth_or_external_account_required,adapter_backed,adapter_backed,blocked,unknown,unknown,insufficient_context,authored_skill_logic,static_only,,requires_web_platform|requires_oauth_or_login|requires_callback_or_webhook|requires_long_horizon_task|requires_interactive_prompting|requires_local_helper_tooling|requires_messaging_stack,True,2026-04-27T06:43:25.873259+00:00,2026-04-27T06:43:25.873280+00:00
mnt_e_dangerous_skills_skills-store_skills_plugin-store,plugin-store,/mnt/e/dangerous_skills/skills-store/skills/plugin-store,skipped,,,,medium,benign_like,partial,skipped_bounded,auth_or_external_account_required,auth_or_external_account_required,adapter_backed,adapter_backed,blocked,unknown,unknown,insufficient_context,authored_skill_logic,static_only,,requires_web_platform|requires_oauth_or_login|requires_external_api_key|requires_messaging_stack,True,2026-04-27T06:43:26.574449+00:00,2026-04-27T06:43:26.574474+00:00
mnt_e_dangerous_skills_skills-store_skills_strategy-auto-rebalance,strategy-auto-rebalance,/mnt/e/dangerous_skills/skills-store/skills/strategy-auto-rebalance,skipped,,,,medium,benign_like,partial,skipped_bounded,auth_or_external_account_required,auth_or_external_account_required,adapter_backed,adapter_backed,blocked,unknown,unknown,insufficient_context,authored_skill_logic,static_only,,requires_web_platform|requires_oauth_or_login|requires_external_api_key|requires_long_horizon_task|requires_interactive_prompting|requires_messaging_stack,True,2026-04-27T06:43:27.266486+00:00,2026-04-27T06:43:27.266507+00:00
mnt_e_dangerous_skills_skills-store_skills_strategy-grid-trade,strategy-grid-trade,/mnt/e/dangerous_skills/skills-store/skills/strategy-grid-trade,skipped,,,,medium,benign_like,partial,skipped_bounded,auth_or_external_account_required,auth_or_external_account_required,adapter_backed,adapter_backed,blocked,unknown,unknown,insufficient_context,authored_skill_logic,static_only,,requires_web_platform|requires_oauth_or_login|requires_external_api_key|requires_long_horizon_task|requires_interactive_prompting|requires_messaging_stack,True,2026-04-27T06:43:27.957448+00:00,2026-04-27T06:43:27.957470+00:00
mnt_e_dangerous_skills_skills-store_skills_strategy-memepump-scanner,strategy-memepump-scanner,/mnt/e/dangerous_skills/skills-store/skills/strategy-memepump-scanner,skipped,,,,medium,benign_like,partial,skipped_bounded,auth_or_external_account_required,auth_or_external_account_required,adapter_backed,adapter_backed,blocked,unknown,unknown,insufficient_context,authored_skill_logic,static_only,,requires_web_platform|requires_oauth_or_login|requires_external_api_key|requires_long_horizon_task|requires_heavy_runtime|requires_interactive_prompting|requires_messaging_stack,True,2026-04-27T06:43:28.854735+00:00,2026-04-27T06:43:28.854763+00:00
mnt_e_dangerous_skills_skills-store_skills_strategy-ranking-sniper,strategy-ranking-sniper,/mnt/e/dangerous_skills/skills-store/skills/strategy-ranking-sniper,skipped,,,,medium,benign_like,partial,skipped_bounded,auth_or_external_account_required,auth_or_external_account_required,adapter_backed,adapter_backed,blocked,unknown,unknown,insufficient_context,authored_skill_logic,static_only,,requires_web_platform|requires_oauth_or_login|requires_external_api_key|requires_long_horizon_task|requires_interactive_prompting|requires_messaging_stack,True,2026-04-27T06:43:29.766179+00:00,2026-04-27T06:43:29.766209+00:00
mnt_e_dangerous_skills_skills-store_skills_strategy-signal-tracker,strategy-signal-tracker,/mnt/e/dangerous_skills/skills-store/skills/strategy-signal-tracker,skipped,,,,medium,benign_like,partial,skipped_bounded,auth_or_external_account_required,auth_or_external_account_required,adapter_backed,adapter_backed,blocked,unknown,unknown,insufficient_context,authored_skill_logic,static_only,,requires_web_platform|requires_oauth_or_login|requires_external_api_key|requires_long_horizon_task|requires_interactive_prompting|requires_messaging_stack,True,2026-04-27T06:43:30.568365+00:00,2026-04-27T06:43:30.568398+00:00
mnt_e_dangerous_skills_skillsmp-stock-analyzer,stock-analyzer,/mnt/e/dangerous_skills/skillsmp-stock-analyzer,completed,低风险,low,0,low,weakly_suspicious,partial,completed_full,,,base_lightweight,base_lightweight,ready,unknown,unknown,ambiguous_connected_workflow,mixed,trigger_incomplete,file_write|process_spawn,requires_web_platform|requires_long_horizon_task|requires_heavy_runtime|requires_local_helper_tooling,True,2026-04-27T06:43:30.854499+00:00,2026-04-27T06:53:33.955901+00:00
mnt_e_dangerous_skills_skillvet,skillvet,/mnt/e/dangerous_skills/skillvet,completed,低风险,low,0,medium,weakly_suspicious,partial,completed_full,,,adapter_backed,adapter_backed,blocked,unknown,unknown,unsafe_command_construction,tool_selection,trigger_incomplete,file_write|process_spawn|shell_execution,requires_web_platform|requires_external_api_key|requires_callback_or_webhook|requires_user_supplied_artifact|requires_local_helper_tooling|requires_messaging_stack,True,2026-04-27T06:53:34.185419+00:00,2026-04-27T06:53:46.909018+00:00
mnt_e_dangerous_skills_solana-skill,pnp-markets-solana,/mnt/e/dangerous_skills/solana-skill,completed,低风险,low,0,low,benign_like,partial,completed_full,,,base_lightweight,base_lightweight,conditional,unknown,unknown,insufficient_context,authored_skill_logic,trigger_incomplete,file_write,requires_web_platform|requires_external_api_key|requires_long_horizon_task|requires_local_helper_tooling,True,2026-04-27T06:53:47.165216+00:00,2026-04-27T06:54:34.342070+00:00
mnt_e_dangerous_skills_solana-ytzgw,solana,/mnt/e/dangerous_skills/solana-ytzgw,completed,低风险,low,0,medium,benign_like,partial,completed_full,,,base_lightweight,base_lightweight,conditional,unknown,unknown,insufficient_context,authored_skill_logic,trigger_incomplete,,requires_web_platform|requires_external_api_key|requires_long_horizon_task,True,2026-04-27T06:54:34.583930+00:00,2026-04-27T06:54:42.492893+00:00
mnt_e_dangerous_skills_soulsys-skill_skills_soulsys,soulsys,/mnt/e/dangerous_skills/soulsys-skill/skills/soulsys,completed,低风险,low,0,low,benign_like,partial,completed_full,,,base_lightweight,base_lightweight,ready,unknown,unknown,insufficient_context,authored_skill_logic,trigger_incomplete,,requires_local_helper_tooling,True,2026-04-27T06:54:42.821994+00:00,2026-04-27T06:57:11.174915+00:00
mnt_e_dangerous_skills_speak,speak-tts,/mnt/e/dangerous_skills/speak,completed,低风险,low,0,low,weakly_suspicious,partial,completed_full,,,adapter_backed,adapter_backed,blocked,unknown,unknown,ambiguous_connected_workflow,mixed,trigger_incomplete,file_write|process_spawn,requires_external_api_key|requires_document_or_office_stack,True,2026-04-27T06:57:11.430782+00:00,2026-04-27T06:57:33.382078+00:00
mnt_e_dangerous_skills_specops_platforms_claude,specops,/mnt/e/dangerous_skills/specops/platforms/claude,skipped,,,,medium,benign_like,partial,skipped_bounded,auth_or_external_account_required,auth_or_external_account_required,adapter_backed,base_lightweight,blocked,prompt_injection_suspected,prompt_injection_suspected,insufficient_context,authored_skill_logic,static_only,,requires_oauth_or_login|requires_interactive_prompting,True,2026-04-27T06:57:34.129939+00:00,2026-04-27T06:57:34.129969+00:00
mnt_e_dangerous_skills_specops_platforms_codex,specops,/mnt/e/dangerous_skills/specops/platforms/codex,skipped,,,,medium,benign_like,partial,skipped_bounded,auth_or_external_account_required,auth_or_external_account_required,adapter_backed,adapter_backed,blocked,prompt_injection_suspected,prompt_injection_suspected,insufficient_context,authored_skill_logic,static_only,,requires_browser|requires_web_platform|requires_oauth_or_login|requires_external_api_key|requires_interactive_prompting|requires_messaging_stack,True,2026-04-27T06:57:35.180856+00:00,2026-04-27T06:57:35.180877+00:00
mnt_e_dangerous_skills_specops_skills_specops,specops,/mnt/e/dangerous_skills/specops/skills/specops,skipped,,,,low,benign_like,partial,skipped_bounded,auth_or_external_account_required,auth_or_external_account_required,adapter_backed,base_lightweight,blocked,prompt_injection_suspected,prompt_injection_suspected,insufficient_context,authored_skill_logic,static_only,,requires_oauth_or_login|requires_interactive_prompting,True,2026-04-27T06:57:35.820894+00:00,2026-04-27T06:57:35.820920+00:00
mnt_e_dangerous_skills_splitwisecli_skill,splitwise-cli,/mnt/e/dangerous_skills/splitwisecli/skill,completed,低风险,low,0,medium,weakly_suspicious,partial,completed_full,,,adapter_backed,adapter_backed,blocked,unknown,unknown,ambiguous_connected_workflow,mixed,trigger_incomplete,file_write|process_spawn,requires_web_platform|requires_external_api_key|requires_interactive_prompting|requires_messaging_stack,True,2026-04-27T06:57:36.147596+00:00,2026-04-27T06:57:44.335489+00:00
mnt_e_dangerous_skills_star-office-ui,star-office-ui,/mnt/e/dangerous_skills/star-office-ui,completed,低风险,low,0,low,weakly_suspicious,partial,completed_full,,,adapter_backed,adapter_backed,blocked,skill_design,unsafe_command_construction,unsafe_command_construction,tool_selection,trigger_incomplete,file_write|process_spawn|shell_execution,requires_web_platform|requires_external_api_key|requires_local_helper_tooling|requires_document_or_office_stack,True,2026-04-27T06:57:44.705913+00:00,2026-04-27T06:58:05.791292+00:00
mnt_e_dangerous_skills_stock-master,stock-master,/mnt/e/dangerous_skills/stock-master,completed,低风险,low,0,low,benign_like,partial,completed_full,,,adapter_backed,adapter_backed,blocked,unknown,unknown,insufficient_context,authored_skill_logic,trigger_incomplete,file_write,requires_web_platform|requires_heavy_runtime|requires_local_helper_tooling|requires_document_or_office_stack|requires_messaging_stack,True,2026-04-27T06:58:06.164011+00:00,2026-04-27T06:58:29.775826+00:00
mnt_e_dangerous_skills_stock_qualitative_analysis_skills,stock-qualitative-analysis,/mnt/e/dangerous_skills/stock_qualitative_analysis_skills,completed,低风险,low,0,low,benign_like,partial,completed_full,,,adapter_backed,adapter_backed,blocked,unknown,unknown,insufficient_context,authored_skill_logic,trigger_incomplete,file_write,requires_local_helper_tooling|requires_document_or_office_stack,True,2026-04-27T06:58:30.025203+00:00,2026-04-27T06:59:27.390132+00:00
mnt_e_dangerous_skills_sttr,sttr,/mnt/e/dangerous_skills/sttr,completed,低风险,low,0,medium,benign_like,partial,completed_full,,,adapter_backed,adapter_backed,blocked,unknown,unknown,insufficient_context,authored_skill_logic,trigger_incomplete,file_write,requires_web_platform|requires_interactive_prompting|requires_messaging_stack,True,2026-04-27T06:59:27.587213+00:00,2026-04-27T06:59:42.864401+00:00
mnt_e_dangerous_skills_stylekit-style-prompts-skill,stylekit-style-prompts,/mnt/e/dangerous_skills/stylekit-style-prompts-skill,skipped,,,,low,benign_like,partial,skipped_bounded,auth_or_external_account_required,auth_or_external_account_required,adapter_backed,base_lightweight,blocked,prompt_injection_suspected,prompt_injection_suspected,insufficient_context,authored_skill_logic,static_only,,requires_web_platform|requires_oauth_or_login|requires_external_api_key|requires_local_helper_tooling,True,2026-04-27T06:59:44.493740+00:00,2026-04-27T06:59:44.493764+00:00
mnt_e_dangerous_skills_superpowers-chrome_skills_browsing,browsing,/mnt/e/dangerous_skills/superpowers-chrome/skills/browsing,skipped,,,,low,benign_like,partial,skipped_bounded,auth_or_external_account_required,auth_or_external_account_required,adapter_backed,adapter_backed,blocked,unknown,unknown,insufficient_context,authored_skill_logic,static_only,,requires_browser|requires_web_platform|requires_oauth_or_login|requires_user_supplied_artifact|requires_document_or_office_stack|requires_messaging_stack,True,2026-04-27T06:59:45.271872+00:00,2026-04-27T06:59:45.271891+00:00
mnt_e_dangerous_skills_survaivor_skills_survaivor-agent-kit,survaivor-agent-kit,/mnt/e/dangerous_skills/survaivor/skills/survaivor-agent-kit,completed,低风险,low,0,low,benign_like,partial,completed_full,,,base_lightweight,base_lightweight,conditional,unknown,unknown,insufficient_context,authored_skill_logic,trigger_incomplete,,requires_web_platform|requires_external_api_key|requires_local_helper_tooling,True,2026-04-27T06:59:45.629903+00:00,2026-04-27T06:59:54.384659+00:00
mnt_e_dangerous_skills_swarm-vault_skills_claude-skill,swarm-vault-manager-trading,/mnt/e/dangerous_skills/swarm-vault/skills/claude-skill,completed,低风险,low,0,low,weakly_suspicious,partial,completed_full,,,base_lightweight,base_lightweight,conditional,unknown,unknown,unsafe_command_construction,tool_selection,trigger_incomplete,process_spawn|shell_execution,requires_web_platform|requires_external_api_key|requires_long_horizon_task,True,2026-04-27T06:59:54.687926+00:00,2026-04-27T07:00:06.006075+00:00
mnt_e_dangerous_skills_swiftaccessibilityagent,swift-accessibility-agent,/mnt/e/dangerous_skills/swiftaccessibilityagent,completed,低风险,low,0,medium,benign_like,partial,completed_full,,,base_lightweight,base_lightweight,ready,unknown,unknown,insufficient_context,authored_skill_logic,trigger_incomplete,,requires_web_platform|requires_interactive_prompting|requires_local_helper_tooling,True,2026-04-27T07:00:06.197042+00:00,2026-04-27T07:00:52.563470+00:00
mnt_e_dangerous_skills_sysmlv2-skill,sysml-v2-guide-validator,/mnt/e/dangerous_skills/sysmlv2-skill,completed,低风险,low,0,low,weakly_suspicious,partial,completed_full,,,base_lightweight,base_lightweight,ready,unknown,unknown,unsafe_command_construction,tool_selection,trigger_incomplete,file_write|process_spawn|shell_execution,requires_local_helper_tooling,True,2026-04-27T07:00:52.784479+00:00,2026-04-27T07:01:26.320575+00:00
mnt_e_dangerous_skills_taskops,taskops,/mnt/e/dangerous_skills/taskops,skipped,,,,low,benign_like,partial,skipped_bounded,auth_or_external_account_required,auth_or_external_account_required,adapter_backed,base_lightweight,blocked,unknown,unknown,insufficient_context,authored_skill_logic,static_only,,requires_oauth_or_login|requires_external_api_key|requires_long_horizon_task,True,2026-04-27T07:01:26.774588+00:00,2026-04-27T07:01:26.774602+00:00
mnt_e_dangerous_skills_tavily-search,tavily,/mnt/e/dangerous_skills/tavily-search,completed,低风险,low,0,low,benign_like,partial,completed_full,,,base_lightweight,base_lightweight,conditional,unknown,unknown,insufficient_context,authored_skill_logic,trigger_incomplete,,requires_web_platform|requires_external_api_key|requires_local_helper_tooling,True,2026-04-27T07:01:26.967101+00:00,2026-04-27T07:01:41.206388+00:00
mnt_e_dangerous_skills_teamwork-messenger-cli-bin,teamwork-messenger-cli-bin,/mnt/e/dangerous_skills/teamwork-messenger-cli-bin,completed,低风险,low,0,low,weakly_suspicious,partial,completed_full,,,adapter_backed,adapter_backed,blocked,unknown,unknown,unsafe_command_construction,tool_selection,trigger_incomplete,file_write|process_spawn|shell_execution,requires_web_platform|requires_external_api_key|requires_user_supplied_artifact|requires_document_or_office_stack|requires_messaging_stack,True,2026-04-27T07:01:41.386553+00:00,2026-04-27T07:01:50.898691+00:00
mnt_e_dangerous_skills_telegram,telegram,/mnt/e/dangerous_skills/telegram,skipped,,,,medium,benign_like,partial,skipped_bounded,auth_or_external_account_required,auth_or_external_account_required,adapter_backed,adapter_backed,blocked,unknown,unknown,insufficient_context,authored_skill_logic,static_only,,requires_oauth_or_login|requires_local_helper_tooling|requires_messaging_stack,True,2026-04-27T07:01:51.412580+00:00,2026-04-27T07:01:51.412601+00:00
mnt_e_dangerous_skills_tembo-cli,tembo-cli,/mnt/e/dangerous_skills/tembo-cli,skipped,,,,low,benign_like,partial,skipped_bounded,auth_or_external_account_required,auth_or_external_account_required,adapter_backed,base_lightweight,blocked,unknown,unknown,insufficient_context,authored_skill_logic,static_only,,requires_web_platform|requires_oauth_or_login|requires_external_api_key|requires_local_helper_tooling,True,2026-04-27T07:01:52.007507+00:00,2026-04-27T07:01:52.007536+00:00
mnt_e_dangerous_skills_tesla-fleet-api-skill,tesla-fleet-api,/mnt/e/dangerous_skills/tesla-fleet-api-skill,skipped,,,,low,benign_like,partial,skipped_bounded,auth_or_external_account_required,auth_or_external_account_required,adapter_backed,adapter_backed,blocked,unknown,unknown,insufficient_context,authored_skill_logic,static_only,,requires_web_platform|requires_oauth_or_login|requires_external_api_key|requires_callback_or_webhook|requires_interactive_prompting|requires_local_helper_tooling,True,2026-04-27T07:01:53.058903+00:00,2026-04-27T07:01:53.058923+00:00
mnt_e_dangerous_skills_tfy-agent-skills_skills_access-control,truefoundry-access-control,/mnt/e/dangerous_skills/tfy-agent-skills/skills/access-control,completed,低风险,low,0,low,weakly_suspicious,partial,completed_full,,,adapter_backed,adapter_backed,blocked,unknown,unknown,unsafe_command_construction,tool_selection,trigger_incomplete,file_write|process_spawn|shell_execution,requires_web_platform|requires_external_api_key|requires_local_helper_tooling|requires_messaging_stack,True,2026-04-27T07:01:53.372743+00:00,2026-04-27T07:02:03.397601+00:00
mnt_e_dangerous_skills_tfy-agent-skills_skills_access-tokens,truefoundry-access-tokens,/mnt/e/dangerous_skills/tfy-agent-skills/skills/access-tokens,completed,低风险,low,0,low,benign_like,partial,completed_full,,,adapter_backed,adapter_backed,blocked,unknown,unknown,insufficient_context,authored_skill_logic,trigger_incomplete,file_write,requires_browser|requires_web_platform|requires_external_api_key|requires_interactive_prompting|requires_local_helper_tooling|requires_messaging_stack,True,2026-04-27T07:02:03.752116+00:00,2026-04-27T07:02:17.803079+00:00
mnt_e_dangerous_skills_tfy-agent-skills_skills_agents,truefoundry-agents,/mnt/e/dangerous_skills/tfy-agent-skills/skills/agents,completed,低风险,low,0,low,benign_like,partial,completed_full,,,adapter_backed,adapter_backed,blocked,unknown,unknown,insufficient_context,authored_skill_logic,trigger_incomplete,file_write,requires_web_platform|requires_external_api_key|requires_local_helper_tooling|requires_messaging_stack,True,2026-04-27T07:02:18.348905+00:00,2026-04-27T07:02:28.379316+00:00
mnt_e_dangerous_skills_tfy-agent-skills_skills_ai-gateway,truefoundry-ai-gateway,/mnt/e/dangerous_skills/tfy-agent-skills/skills/ai-gateway,completed,低风险,low,0,low,benign_like,partial,completed_full,,,adapter_backed,adapter_backed,blocked,unknown,unknown,insufficient_context,authored_skill_logic,trigger_incomplete,file_write,requires_web_platform|requires_external_api_key|requires_callback_or_webhook|requires_user_supplied_artifact|requires_local_helper_tooling|requires_messaging_stack,True,2026-04-27T07:02:28.805275+00:00,2026-04-27T07:03:29.024713+00:00
mnt_e_dangerous_skills_tfy-agent-skills_skills_ai-monitoring,truefoundry-ai-monitoring,/mnt/e/dangerous_skills/tfy-agent-skills/skills/ai-monitoring,completed,低风险,low,0,low,weakly_suspicious,partial,completed_full,,,adapter_backed,adapter_backed,blocked,skill_design,unsafe_command_construction,unsafe_command_construction,tool_selection,trigger_incomplete,file_write|process_spawn|shell_execution,requires_web_platform|requires_external_api_key|requires_long_horizon_task|requires_interactive_prompting|requires_local_helper_tooling|requires_messaging_stack,True,2026-04-27T07:03:29.385733+00:00,2026-04-27T07:03:48.886582+00:00
mnt_e_dangerous_skills_tfy-agent-skills_skills_docs,truefoundry-docs,/mnt/e/dangerous_skills/tfy-agent-skills/skills/docs,completed,中风险,medium,25,medium,weakly_suspicious,partial,completed_full,,,deep_execution,deep_execution,conditional,llm_decision,llm_decision_induced_action,ambiguous_connected_workflow,mixed,trigger_incomplete,file_write|network_access,requires_browser|requires_web_platform|requires_external_api_key|requires_long_horizon_task|requires_heavy_runtime|requires_local_helper_tooling,True,2026-04-27T07:03:49.254982+00:00,2026-04-27T07:04:28.662086+00:00
mnt_e_dangerous_skills_tfy-agent-skills_skills_guardrails,truefoundry-guardrails,/mnt/e/dangerous_skills/tfy-agent-skills/skills/guardrails,completed,低风险,low,0,low,benign_like,partial,completed_full,,,adapter_backed,adapter_backed,blocked,unknown,unknown,insufficient_context,authored_skill_logic,trigger_incomplete,file_write,requires_web_platform|requires_external_api_key|requires_long_horizon_task|requires_local_helper_tooling|requires_messaging_stack,True,2026-04-27T07:04:29.115965+00:00,2026-04-27T07:05:12.650876+00:00
mnt_e_dangerous_skills_tfy-agent-skills_skills_integrations,truefoundry-integrations,/mnt/e/dangerous_skills/tfy-agent-skills/skills/integrations,completed,低风险,low,0,low,weakly_suspicious,partial,completed_full,,,adapter_backed,adapter_backed,blocked,unknown,unknown,unsafe_command_construction,tool_selection,trigger_incomplete,file_write|process_spawn|shell_execution,requires_web_platform|requires_external_api_key|requires_local_helper_tooling|requires_messaging_stack,True,2026-04-27T07:05:12.964021+00:00,2026-04-27T07:05:24.810300+00:00
mnt_e_dangerous_skills_tfy-agent-skills_skills_logs,truefoundry-logs,/mnt/e/dangerous_skills/tfy-agent-skills/skills/logs,completed,低风险,low,0,low,benign_like,partial,completed_full,,,base_lightweight,base_lightweight,conditional,unknown,unknown,insufficient_context,authored_skill_logic,trigger_incomplete,,requires_web_platform|requires_external_api_key|requires_local_helper_tooling,True,2026-04-27T07:05:25.126827+00:00,2026-04-27T07:06:02.287737+00:00
mnt_e_dangerous_skills_tfy-agent-skills_skills_mcp-servers,truefoundry-mcp-servers,/mnt/e/dangerous_skills/tfy-agent-skills/skills/mcp-servers,skipped,,,,medium,benign_like,partial,skipped_bounded,auth_or_external_account_required,auth_or_external_account_required,adapter_backed,adapter_backed,blocked,unknown,unknown,insufficient_context,authored_skill_logic,static_only,,requires_web_platform|requires_oauth_or_login|requires_external_api_key|requires_local_helper_tooling|requires_messaging_stack,True,2026-04-27T07:06:03.305915+00:00,2026-04-27T07:06:03.305937+00:00
mnt_e_dangerous_skills_tfy-agent-skills_skills_onboarding,truefoundry-onboarding,/mnt/e/dangerous_skills/tfy-agent-skills/skills/onboarding,completed,低风险,low,0,low,weakly_suspicious,partial,completed_full,,,adapter_backed,adapter_backed,blocked,unknown,unknown,unsafe_command_construction,tool_selection,trigger_incomplete,file_write|process_spawn|shell_execution,requires_browser|requires_web_platform|requires_external_api_key|requires_interactive_prompting|requires_local_helper_tooling|requires_messaging_stack,True,2026-04-27T07:06:03.646510+00:00,2026-04-27T07:06:39.961760+00:00
mnt_e_dangerous_skills_tfy-agent-skills_skills_prompts,truefoundry-prompts,/mnt/e/dangerous_skills/tfy-agent-skills/skills/prompts,completed,低风险,low,0,low,weakly_suspicious,partial,completed_full,,,base_lightweight,base_lightweight,conditional,unknown,unknown,unsafe_command_construction,tool_selection,trigger_incomplete,process_spawn|shell_execution,requires_web_platform|requires_external_api_key|requires_local_helper_tooling,True,2026-04-27T07:06:40.315279+00:00,2026-04-27T07:06:53.615840+00:00
mnt_e_dangerous_skills_tfy-agent-skills_skills_secrets,truefoundry-secrets,/mnt/e/dangerous_skills/tfy-agent-skills/skills/secrets,completed,低风险,low,0,low,weakly_suspicious,partial,completed_full,,,base_lightweight,base_lightweight,conditional,unknown,unknown,unsafe_command_construction,tool_selection,trigger_incomplete,process_spawn|shell_execution,requires_web_platform|requires_external_api_key|requires_interactive_prompting|requires_local_helper_tooling,True,2026-04-27T07:06:53.956400+00:00,2026-04-27T07:07:11.202104+00:00
mnt_e_dangerous_skills_tfy-agent-skills_skills_status,truefoundry-status,/mnt/e/dangerous_skills/tfy-agent-skills/skills/status,completed,低风险,low,0,low,weakly_suspicious,partial,completed_full,,,adapter_backed,adapter_backed,blocked,skill_design,unsafe_command_construction,unsafe_command_construction,tool_selection,trigger_incomplete,file_write|process_spawn|shell_execution,requires_browser|requires_web_platform|requires_external_api_key|requires_local_helper_tooling|requires_messaging_stack,True,2026-04-27T07:07:11.468460+00:00,2026-04-27T07:07:38.906563+00:00
mnt_e_dangerous_skills_tfy-agent-skills_skills_tracing,truefoundry-tracing,/mnt/e/dangerous_skills/tfy-agent-skills/skills/tracing,completed,低风险,low,0,low,benign_like,partial,completed_full,,,base_lightweight,base_lightweight,conditional,unknown,unknown,insufficient_context,authored_skill_logic,trigger_incomplete,,requires_web_platform|requires_external_api_key|requires_interactive_prompting|requires_local_helper_tooling,True,2026-04-27T07:07:39.190459+00:00,2026-04-27T07:07:48.214540+00:00
mnt_e_dangerous_skills_tfy-agent-skills_skills_workspaces,truefoundry-workspaces,/mnt/e/dangerous_skills/tfy-agent-skills/skills/workspaces,completed,低风险,low,0,low,weakly_suspicious,partial,completed_full,,,deep_execution,deep_execution,conditional,unknown,unknown,unsafe_command_construction,tool_selection,trigger_incomplete,file_write|process_spawn|shell_execution,requires_web_platform|requires_external_api_key|requires_long_horizon_task|requires_heavy_runtime|requires_interactive_prompting|requires_local_helper_tooling,True,2026-04-27T07:07:48.473124+00:00,2026-04-27T07:07:59.566362+00:00
mnt_e_dangerous_skills_tg-cli,tg-cli,/mnt/e/dangerous_skills/tg-cli,completed,低风险,low,0,low,weakly_suspicious,partial,completed_full,,,adapter_backed,adapter_backed,blocked,unknown,unknown,unsafe_command_construction,tool_selection,trigger_incomplete,file_write|process_spawn|shell_execution,requires_long_horizon_task|requires_user_supplied_artifact|requires_messaging_stack,True,2026-04-27T07:07:59.774494+00:00,2026-04-27T07:08:15.435805+00:00
mnt_e_dangerous_skills_tgcli,tgcli,/mnt/e/dangerous_skills/tgcli,skipped,,,,medium,benign_like,partial,skipped_bounded,auth_or_external_account_required,auth_or_external_account_required,adapter_backed,adapter_backed,blocked,unknown,unknown,insufficient_context,authored_skill_logic,static_only,,requires_oauth_or_login|requires_long_horizon_task|requires_user_supplied_artifact|requires_interactive_prompting|requires_local_helper_tooling|requires_document_or_office_stack|requires_messaging_stack,True,2026-04-27T07:08:15.967843+00:00,2026-04-27T07:08:15.967865+00:00
mnt_e_dangerous_skills_the-designer,the-designer,/mnt/e/dangerous_skills/the-designer,completed,低风险,low,0,medium,benign_like,partial,completed_full,,,browser_lightweight,browser_lightweight,conditional,unknown,unknown,insufficient_context,authored_skill_logic,trigger_incomplete,,requires_browser|requires_web_platform|requires_external_api_key|requires_interactive_prompting,True,2026-04-27T07:08:16.138829+00:00,2026-04-27T07:09:53.741552+00:00
mnt_e_dangerous_skills_thscore-api-skill_skills_api-football-v3,api-football-v3,/mnt/e/dangerous_skills/thscore-api-skill/skills/api-football-v3,completed,低风险,low,0,low,benign_like,partial,completed_full,,,adapter_backed,adapter_backed,blocked,unknown,unknown,insufficient_context,authored_skill_logic,trigger_incomplete,file_write,requires_browser|requires_web_platform|requires_external_api_key|requires_long_horizon_task|requires_messaging_stack,True,2026-04-27T07:09:54.069495+00:00,2026-04-27T07:10:14.535584+00:00
mnt_e_dangerous_skills_thscore-api-skill_skills_thscore-football-api,thscore-football-api,/mnt/e/dangerous_skills/thscore-api-skill/skills/thscore-football-api,skipped,,,,low,benign_like,partial,skipped_bounded,auth_or_external_account_required,auth_or_external_account_required,adapter_backed,adapter_backed,blocked,unknown,unknown,insufficient_context,authored_skill_logic,static_only,,requires_browser|requires_web_platform|requires_oauth_or_login|requires_external_api_key|requires_messaging_stack,True,2026-04-27T07:10:15.200648+00:00,2026-04-27T07:10:15.200673+00:00
mnt_e_dangerous_skills_tiime,tiime,/mnt/e/dangerous_skills/tiime,skipped,,,,medium,benign_like,partial,skipped_bounded,auth_or_external_account_required,auth_or_external_account_required,adapter_backed,adapter_backed,blocked,unknown,unknown,insufficient_context,authored_skill_logic,static_only,,requires_web_platform|requires_oauth_or_login|requires_user_supplied_artifact|requires_interactive_prompting|requires_document_or_office_stack|requires_messaging_stack,True,2026-04-27T07:10:15.582005+00:00,2026-04-27T07:10:15.582033+00:00
mnt_e_dangerous_skills_token-optimizer,token-optimizer,/mnt/e/dangerous_skills/token-optimizer,completed,低风险,low,0,low,weakly_suspicious,partial,completed_full,,,adapter_backed,adapter_backed,blocked,unknown,unknown,ambiguous_connected_workflow,mixed,trigger_incomplete,file_write|process_spawn,requires_external_api_key|requires_long_horizon_task|requires_messaging_stack,True,2026-04-27T07:10:15.750626+00:00,2026-04-27T07:10:30.997972+00:00
mnt_e_dangerous_skills_token-saver,token-saver,/mnt/e/dangerous_skills/token-saver,completed,低风险,low,0,low,benign_like,partial,completed_full,,,base_lightweight,base_lightweight,conditional,unknown,unknown,insufficient_context,authored_skill_logic,trigger_incomplete,,requires_external_api_key|requires_local_helper_tooling,True,2026-04-27T07:10:31.181566+00:00,2026-04-27T07:12:52.882177+00:00
mnt_e_dangerous_skills_transcribee,transcribee,/mnt/e/dangerous_skills/transcribee,completed,低风险,low,0,low,benign_like,partial,completed_full,,,base_lightweight,base_lightweight,ready,unknown,unknown,insufficient_context,authored_skill_logic,trigger_incomplete,,requires_web_platform|requires_long_horizon_task,True,2026-04-27T07:12:53.066042+00:00,2026-04-27T07:15:11.287804+00:00
mnt_e_dangerous_skills_triage-ai,triage,/mnt/e/dangerous_skills/triage-ai,skipped,,,,medium,benign_like,partial,skipped_bounded,auth_or_external_account_required,auth_or_external_account_required,adapter_backed,base_lightweight,blocked,unknown,unknown,insufficient_context,authored_skill_logic,static_only,,requires_oauth_or_login|requires_long_horizon_task|requires_interactive_prompting,True,2026-04-27T07:15:11.739616+00:00,2026-04-27T07:15:11.739637+00:00
mnt_e_dangerous_skills_tuistory,tuistory,/mnt/e/dangerous_skills/tuistory,completed,低风险,low,0,medium,benign_like,partial,completed_full,,,adapter_backed,adapter_backed,blocked,unknown,unknown,insufficient_context,authored_skill_logic,trigger_incomplete,file_write,requires_browser|requires_web_platform|requires_user_supplied_artifact|requires_interactive_prompting|requires_messaging_stack,True,2026-04-27T07:15:12.022129+00:00,2026-04-27T07:17:20.767872+00:00
mnt_e_dangerous_skills_twist-toolkit-skill,twist-toolkit,/mnt/e/dangerous_skills/twist-toolkit-skill,skipped,,,,low,benign_like,partial,skipped_bounded,auth_or_external_account_required,auth_or_external_account_required,adapter_backed,adapter_backed,blocked,unknown,unknown,insufficient_context,authored_skill_logic,static_only,,requires_browser|requires_oauth_or_login|requires_user_supplied_artifact|requires_local_helper_tooling|requires_messaging_stack,True,2026-04-27T07:17:21.457651+00:00,2026-04-27T07:17:21.457672+00:00
mnt_e_dangerous_skills_typeorm-seeding,typeorm-seeding,/mnt/e/dangerous_skills/typeorm-seeding,completed,低风险,low,0,low,benign_like,partial,completed_full,,,adapter_backed,adapter_backed,blocked,unknown,unknown,insufficient_context,authored_skill_logic,trigger_incomplete,file_write,requires_callback_or_webhook|requires_messaging_stack,True,2026-04-27T07:17:21.857355+00:00,2026-04-27T07:18:22.857437+00:00
mnt_e_dangerous_skills_typesense-skill,typesense,/mnt/e/dangerous_skills/typesense-skill,completed,低风险,low,0,low,benign_like,partial,completed_full,,,base_lightweight,base_lightweight,conditional,unknown,unknown,insufficient_context,authored_skill_logic,trigger_incomplete,,requires_web_platform|requires_external_api_key|requires_local_helper_tooling,True,2026-04-27T07:18:23.314858+00:00,2026-04-27T07:20:38.327333+00:00
mnt_e_dangerous_skills_unbrowse,unbrowse,/mnt/e/dangerous_skills/unbrowse,skipped,,,,medium,benign_like,partial,skipped_bounded,auth_or_external_account_required,auth_or_external_account_required,adapter_backed,adapter_backed,blocked,unknown,unknown,insufficient_context,authored_skill_logic,static_only,,requires_browser|requires_web_platform|requires_oauth_or_login|requires_external_api_key|requires_interactive_prompting|requires_local_helper_tooling|requires_messaging_stack,True,2026-04-27T07:20:39.328244+00:00,2026-04-27T07:20:39.328270+00:00
mnt_e_dangerous_skills_union-search-skill,union-search-skill,/mnt/e/dangerous_skills/union-search-skill,completed,低风险,low,0,low,benign_like,partial,completed_full,,,base_lightweight,base_lightweight,conditional,unknown,unknown,insufficient_context,authored_skill_logic,trigger_incomplete,,requires_external_api_key|requires_local_helper_tooling,True,2026-04-27T07:20:40.060472+00:00,2026-04-27T07:20:59.449300+00:00
mnt_e_dangerous_skills_update,auto-updater,/mnt/e/dangerous_skills/update,completed,低风险,low,0,critical,weakly_suspicious,partial,completed_full,,,browser_lightweight,browser_lightweight,ready,unknown,unknown,unsafe_command_construction,tool_selection,trigger_incomplete,process_spawn|shell_execution,requires_browser|requires_long_horizon_task,True,2026-04-27T07:20:59.828175+00:00,2026-04-27T07:21:08.261192+00:00
mnt_e_dangerous_skills_updater,auto-updater,/mnt/e/dangerous_skills/updater,completed,低风险,low,0,critical,benign_like,partial,completed_full,,,browser_lightweight,browser_lightweight,ready,unknown,unknown,insufficient_context,authored_skill_logic,trigger_incomplete,,requires_browser|requires_long_horizon_task,True,2026-04-27T07:21:08.626627+00:00,2026-04-27T07:21:31.278248+00:00
mnt_e_dangerous_skills_use-screenshot_skills_use-screenshot,use-screenshot,/mnt/e/dangerous_skills/use-screenshot/skills/use-screenshot,completed,低风险,low,0,low,benign_like,partial,completed_full,,,base_lightweight,base_lightweight,ready,unknown,unknown,insufficient_context,authored_skill_logic,trigger_incomplete,,requires_local_helper_tooling,True,2026-04-27T07:21:31.865037+00:00,2026-04-27T07:21:43.265426+00:00
mnt_e_dangerous_skills_vapor-ui_skills_vapor-ui,vapor-ui,/mnt/e/dangerous_skills/vapor-ui/skills/vapor-ui,skipped,,,,low,benign_like,partial,skipped_bounded,auth_or_external_account_required,auth_or_external_account_required,adapter_backed,base_lightweight,blocked,unknown,unknown,insufficient_context,authored_skill_logic,static_only,,requires_web_platform|requires_oauth_or_login|requires_external_api_key|requires_local_helper_tooling,True,2026-04-27T07:21:44.284194+00:00,2026-04-27T07:21:44.284208+00:00
mnt_e_dangerous_skills_version-demo_skills_helper,helper-tool,/mnt/e/dangerous_skills/version-demo/skills/helper,completed,低风险,low,0,low,benign_like,partial,completed_full,,,base_lightweight,base_lightweight,ready,unknown,unknown,insufficient_context,authored_skill_logic,trigger_incomplete,,requires_web_platform,True,2026-04-27T07:21:44.725466+00:00,2026-04-27T07:21:53.483813+00:00
mnt_e_dangerous_skills_vibesku-agent_skill,vibesku,/mnt/e/dangerous_skills/vibesku-agent/skill,skipped,,,,low,benign_like,partial,skipped_bounded,auth_or_external_account_required,auth_or_external_account_required,adapter_backed,adapter_backed,blocked,unknown,unknown,insufficient_context,authored_skill_logic,static_only,,requires_browser|requires_web_platform|requires_oauth_or_login|requires_external_api_key|requires_long_horizon_task|requires_user_supplied_artifact|requires_messaging_stack,True,2026-04-27T07:21:54.151082+00:00,2026-04-27T07:21:54.151133+00:00
mnt_e_dangerous_skills_video-podcast-maker,video-podcast-maker,/mnt/e/dangerous_skills/video-podcast-maker,skipped,,,,medium,benign_like,partial,skipped_bounded,auth_or_external_account_required,auth_or_external_account_required,browser_lightweight,browser_lightweight,blocked,unknown,unknown,insufficient_context,authored_skill_logic,static_only,,requires_browser|requires_web_platform|requires_oauth_or_login|requires_external_api_key|requires_interactive_prompting,True,2026-04-27T07:21:55.103399+00:00,2026-04-27T07:21:55.103419+00:00
mnt_e_dangerous_skills_video-understand-skills_skills_video-understand,video-understand,/mnt/e/dangerous_skills/video-understand-skills/skills/video-understand,completed,低风险,low,0,low,weakly_suspicious,partial,completed_full,,,base_lightweight,base_lightweight,conditional,unknown,unknown,ambiguous_connected_workflow,mixed,trigger_incomplete,process_spawn,requires_web_platform|requires_external_api_key|requires_long_horizon_task|requires_local_helper_tooling,True,2026-04-27T07:21:55.795908+00:00,2026-04-27T07:22:04.981266+00:00
mnt_e_dangerous_skills_video-uploader,video-uploader,/mnt/e/dangerous_skills/video-uploader,skipped,,,,low,benign_like,partial,skipped_bounded,auth_or_external_account_required,auth_or_external_account_required,deep_execution,deep_execution,blocked,unknown,unknown,insufficient_context,authored_skill_logic,static_only,,requires_browser|requires_web_platform|requires_oauth_or_login|requires_external_api_key|requires_long_horizon_task|requires_user_supplied_artifact|requires_local_helper_tooling,True,2026-04-27T07:22:05.901737+00:00,2026-04-27T07:22:05.901761+00:00
mnt_e_dangerous_skills_wallet-tracker-0ghsk,wallet-tracker,/mnt/e/dangerous_skills/wallet-tracker-0ghsk,completed,低风险,low,0,medium,weakly_suspicious,partial,completed_full,,,adapter_backed,adapter_backed,blocked,skill_design,unsafe_command_construction,unsafe_command_construction,tool_selection,trigger_incomplete,file_write|process_spawn|shell_execution,requires_web_platform|requires_external_api_key|requires_callback_or_webhook|requires_long_horizon_task,True,2026-04-27T07:22:06.124138+00:00,2026-04-27T07:22:32.349544+00:00
mnt_e_dangerous_skills_wdk-agent-skills_skills_wdk,wdk,/mnt/e/dangerous_skills/wdk-agent-skills/skills/wdk,completed,低风险,low,0,low,benign_like,partial,completed_full,,,adapter_backed,adapter_backed,blocked,unknown,unknown,insufficient_context,authored_skill_logic,trigger_incomplete,file_write,requires_browser|requires_web_platform|requires_external_api_key|requires_callback_or_webhook|requires_interactive_prompting|requires_messaging_stack,True,2026-04-27T07:22:32.643086+00:00,2026-04-27T07:23:33.530897+00:00
mnt_e_dangerous_skills_web-3-skill-frontend,web3-dapp,/mnt/e/dangerous_skills/web-3-skill-frontend,completed,低风险,low,0,low,benign_like,partial,completed_full,,,adapter_backed,adapter_backed,blocked,unknown,unknown,insufficient_context,authored_skill_logic,trigger_incomplete,file_write,requires_web_platform|requires_external_api_key|requires_callback_or_webhook|requires_user_supplied_artifact|requires_interactive_prompting,True,2026-04-27T07:23:33.768415+00:00,2026-04-27T07:23:46.959598+00:00
mnt_e_dangerous_skills_web-search,web-search,/mnt/e/dangerous_skills/web-search,completed,低风险,low,0,low,weakly_suspicious,partial,completed_full,,,browser_lightweight,browser_lightweight,conditional,skill_design,unsafe_command_construction,unsafe_command_construction,tool_selection,trigger_incomplete,process_spawn|shell_execution,requires_browser|requires_web_platform|requires_external_api_key|requires_interactive_prompting,True,2026-04-27T07:23:47.157974+00:00,2026-04-27T07:24:03.007424+00:00
mnt_e_dangerous_skills_web-search-plus,web-search-plus,/mnt/e/dangerous_skills/web-search-plus,completed,低风险,low,0,low,benign_like,partial,completed_full,,,base_lightweight,base_lightweight,conditional,unknown,unknown,insufficient_context,authored_skill_logic,trigger_incomplete,,requires_web_platform|requires_external_api_key|requires_interactive_prompting|requires_local_helper_tooling,True,2026-04-27T07:24:03.191864+00:00,2026-04-27T07:24:13.265945+00:00
mnt_e_dangerous_skills_web-search-pro,web-search-pro,/mnt/e/dangerous_skills/web-search-pro,completed,低风险,low,0,low,weakly_suspicious,partial,completed_full,,,browser_lightweight,browser_lightweight,conditional,unknown,unknown,unsafe_command_construction,tool_selection,trigger_incomplete,process_spawn|shell_execution,requires_browser|requires_web_platform|requires_external_api_key|requires_local_helper_tooling,True,2026-04-27T07:24:13.417602+00:00,2026-04-27T07:24:29.249861+00:00
mnt_e_dangerous_skills_wechat-daily-report-skill,wechat-daily-report,/mnt/e/dangerous_skills/wechat-daily-report-skill,completed,低风险,low,0,low,benign_like,partial,completed_full,,,base_lightweight,base_lightweight,ready,unknown,unknown,insufficient_context,authored_skill_logic,trigger_incomplete,,requires_local_helper_tooling,True,2026-04-27T07:24:29.429106+00:00,2026-04-27T07:24:41.373247+00:00
mnt_e_dangerous_skills_wechat-studio,wechat-studio,/mnt/e/dangerous_skills/wechat-studio,completed,低风险,low,0,low,benign_like,partial,completed_full,,,base_lightweight,base_lightweight,conditional,unknown,unknown,insufficient_context,authored_skill_logic,trigger_incomplete,,requires_web_platform|requires_external_api_key|requires_user_supplied_artifact|requires_local_helper_tooling,True,2026-04-27T07:24:41.561377+00:00,2026-04-27T07:25:12.687526+00:00
mnt_e_dangerous_skills_where-am-i,owntracks,/mnt/e/dangerous_skills/where-am-i,skipped,,,,low,benign_like,partial,skipped_bounded,auth_or_external_account_required,auth_or_external_account_required,adapter_backed,adapter_backed,blocked,prompt_injection_suspected,prompt_injection_suspected,insufficient_context,authored_skill_logic,static_only,,requires_web_platform|requires_oauth_or_login|requires_external_api_key|requires_callback_or_webhook|requires_long_horizon_task|requires_local_helper_tooling|requires_document_or_office_stack,True,2026-04-27T07:25:13.185844+00:00,2026-04-27T07:25:13.185868+00:00
mnt_e_dangerous_skills_x-debuger_skills_laravel-debugging,laravel-debugging,/mnt/e/dangerous_skills/x-debuger/skills/laravel-debugging,completed,低风险,low,0,medium,weakly_suspicious,partial,completed_full,,,deep_execution,deep_execution,conditional,skill_design,unsafe_command_construction,unsafe_command_construction,tool_selection,trigger_incomplete,file_write|process_spawn|shell_execution,requires_browser|requires_web_platform|requires_external_api_key|requires_long_horizon_task|requires_interactive_prompting|requires_local_helper_tooling,True,2026-04-27T07:25:13.489710+00:00,2026-04-27T07:25:24.416339+00:00
mnt_e_dangerous_skills_x-research-skill,x-research,/mnt/e/dangerous_skills/x-research-skill,completed,低风险,low,0,low,benign_like,partial,completed_full,,,adapter_backed,adapter_backed,blocked,unknown,unknown,insufficient_context,authored_skill_logic,trigger_incomplete,file_write,requires_web_platform|requires_long_horizon_task|requires_messaging_stack,True,2026-04-27T07:25:24.630300+00:00,2026-04-27T07:27:37.664304+00:00
mnt_e_dangerous_skills_x-trends-0heof,x-trends,/mnt/e/dangerous_skills/x-trends-0heof,completed,低风险,low,0,medium,weakly_suspicious,partial,completed_full,,,base_lightweight,base_lightweight,conditional,unknown,unknown,unsafe_command_construction,tool_selection,trigger_incomplete,process_spawn|shell_execution,requires_web_platform|requires_external_api_key,True,2026-04-27T07:27:37.876072+00:00,2026-04-27T07:27:50.146905+00:00
mnt_e_dangerous_skills_x-tweet-fetcher,x-tweet-fetcher,/mnt/e/dangerous_skills/x-tweet-fetcher,skipped,,,,medium,benign_like,partial,skipped_bounded,auth_or_external_account_required,auth_or_external_account_required,deep_execution,deep_execution,blocked,unknown,unknown,insufficient_context,authored_skill_logic,static_only,,requires_browser|requires_web_platform|requires_oauth_or_login|requires_external_api_key|requires_long_horizon_task|requires_local_helper_tooling,True,2026-04-27T07:27:51.723896+00:00,2026-04-27T07:27:51.723917+00:00
mnt_e_dangerous_skills_x-twitter-api,x-twitter-api,/mnt/e/dangerous_skills/x-twitter-api,skipped,,,,low,benign_like,partial,skipped_bounded,auth_or_external_account_required,auth_or_external_account_required,adapter_backed,base_lightweight,blocked,unknown,unknown,insufficient_context,authored_skill_logic,static_only,,requires_oauth_or_login|requires_external_api_key,True,2026-04-27T07:27:52.113908+00:00,2026-04-27T07:27:52.113928+00:00
mnt_e_dangerous_skills_x2o,x2o,/mnt/e/dangerous_skills/x2o,completed,低风险,low,0,medium,benign_like,partial,completed_full,,,browser_lightweight,browser_lightweight,conditional,unknown,unknown,insufficient_context,authored_skill_logic,trigger_incomplete,,requires_browser|requires_web_platform|requires_external_api_key|requires_local_helper_tooling,True,2026-04-27T07:27:52.269330+00:00,2026-04-27T07:30:51.358078+00:00
mnt_e_dangerous_skills_x2o_apps_desktop_skill,x2o,/mnt/e/dangerous_skills/x2o/apps/desktop/skill,completed,低风险,low,0,medium,benign_like,partial,completed_full,,,browser_lightweight,browser_lightweight,conditional,unknown,unknown,insufficient_context,authored_skill_logic,trigger_incomplete,,requires_browser|requires_web_platform|requires_external_api_key|requires_local_helper_tooling,True,2026-04-27T07:30:51.697614+00:00,2026-04-27T07:31:26.306791+00:00
mnt_e_dangerous_skills_x402eco,x402-ecosystem,/mnt/e/dangerous_skills/x402eco,completed,低风险,low,0,low,benign_like,partial,completed_full,,,base_lightweight,base_lightweight,conditional,unknown,unknown,insufficient_context,authored_skill_logic,trigger_incomplete,,requires_web_platform|requires_external_api_key,True,2026-04-27T07:31:26.484754+00:00,2026-04-27T07:31:55.987215+00:00
mnt_e_dangerous_skills_xhs-skill_skills_xhs-skill,xhs-skill,/mnt/e/dangerous_skills/xhs-skill/skills/xhs-skill,skipped,,,,low,benign_like,partial,skipped_bounded,auth_or_external_account_required,auth_or_external_account_required,adapter_backed,adapter_backed,blocked,unknown,unknown,insufficient_context,authored_skill_logic,static_only,,requires_browser|requires_web_platform|requires_oauth_or_login|requires_local_helper_tooling|requires_document_or_office_stack,True,2026-04-27T07:31:56.684942+00:00,2026-04-27T07:31:56.684961+00:00
mnt_e_dangerous_skills_xiaohongshu-automation,xiaohongshu-automation,/mnt/e/dangerous_skills/xiaohongshu-automation,skipped,,,,low,benign_like,partial,skipped_bounded,auth_or_external_account_required,auth_or_external_account_required,browser_lightweight,browser_lightweight,blocked,unknown,unknown,insufficient_context,authored_skill_logic,static_only,,requires_browser|requires_web_platform|requires_oauth_or_login|requires_external_api_key|requires_user_supplied_artifact,True,2026-04-27T07:31:57.094822+00:00,2026-04-27T07:31:57.094848+00:00
mnt_e_dangerous_skills_xiaohongshu-mcp-skill,xiaohongshu-mcp,/mnt/e/dangerous_skills/xiaohongshu-mcp-skill,skipped,,,,medium,benign_like,partial,skipped_bounded,auth_or_external_account_required,auth_or_external_account_required,adapter_backed,adapter_backed,blocked,unknown,unknown,insufficient_context,authored_skill_logic,static_only,,requires_web_platform|requires_oauth_or_login|requires_external_api_key|requires_local_helper_tooling|requires_messaging_stack,True,2026-04-27T07:31:57.905066+00:00,2026-04-27T07:31:57.905087+00:00
mnt_e_dangerous_skills_xiaohongshu-skills,xiaohongshu-cover-generator,/mnt/e/dangerous_skills/xiaohongshu-skills,completed,低风险,low,0,low,benign_like,partial,completed_full,,,base_lightweight,base_lightweight,conditional,unknown,unknown,insufficient_context,authored_skill_logic,trigger_incomplete,,requires_external_api_key|requires_local_helper_tooling,True,2026-04-27T07:31:58.140745+00:00,2026-04-27T07:32:07.684854+00:00
mnt_e_dangerous_skills_xint,xint,/mnt/e/dangerous_skills/xint,skipped,,,,medium,benign_like,partial,skipped_bounded,auth_or_external_account_required,auth_or_external_account_required,adapter_backed,adapter_backed,blocked,unknown,unknown,insufficient_context,authored_skill_logic,static_only,,requires_web_platform|requires_oauth_or_login|requires_external_api_key|requires_callback_or_webhook|requires_long_horizon_task|requires_user_supplied_artifact|requires_local_helper_tooling|requires_document_or_office_stack,True,2026-04-27T07:32:08.555849+00:00,2026-04-27T07:32:08.555871+00:00
mnt_e_dangerous_skills_xint-rs,xint-rs,/mnt/e/dangerous_skills/xint-rs,skipped,,,,medium,benign_like,partial,skipped_bounded,auth_or_external_account_required,auth_or_external_account_required,adapter_backed,adapter_backed,blocked,unknown,unknown,insufficient_context,authored_skill_logic,static_only,,requires_web_platform|requires_oauth_or_login|requires_external_api_key|requires_callback_or_webhook|requires_long_horizon_task|requires_user_supplied_artifact|requires_interactive_prompting|requires_local_helper_tooling|requires_document_or_office_stack|requires_messaging_stack,True,2026-04-27T07:32:09.381964+00:00,2026-04-27T07:32:09.381984+00:00
mnt_e_dangerous_skills_xpai-doubao-web,xpai-doubao-web,/mnt/e/dangerous_skills/xpai-doubao-web,skipped,,,,low,benign_like,partial,skipped_bounded,auth_or_external_account_required,auth_or_external_account_required,browser_lightweight,browser_lightweight,blocked,unknown,unknown,insufficient_context,authored_skill_logic,static_only,,requires_browser|requires_web_platform|requires_oauth_or_login|requires_local_helper_tooling,True,2026-04-27T07:32:09.841504+00:00,2026-04-27T07:32:09.841525+00:00
mnt_e_dangerous_skills_xpull,xpull,/mnt/e/dangerous_skills/xpull,skipped,,,,low,benign_like,partial,skipped_bounded,auth_or_external_account_required,auth_or_external_account_required,browser_lightweight,browser_lightweight,blocked,unknown,unknown,insufficient_context,authored_skill_logic,static_only,,requires_browser|requires_oauth_or_login|requires_external_api_key|requires_local_helper_tooling,True,2026-04-27T07:32:10.507011+00:00,2026-04-27T07:32:10.507036+00:00
mnt_e_dangerous_skills_xurl,xurl,/mnt/e/dangerous_skills/xurl,skipped,,,,medium,benign_like,partial,skipped_bounded,auth_or_external_account_required,auth_or_external_account_required,adapter_backed,base_lightweight,blocked,unknown,unknown,insufficient_context,authored_skill_logic,static_only,,requires_web_platform|requires_oauth_or_login|requires_external_api_key|requires_user_supplied_artifact|requires_interactive_prompting,True,2026-04-27T07:32:10.937022+00:00,2026-04-27T07:32:10.937043+00:00
mnt_e_dangerous_skills_yahoo-finance-1h2ji,yahoo-finance,/mnt/e/dangerous_skills/yahoo-finance-1h2ji,completed,低风险,low,0,medium,weakly_suspicious,partial,completed_full,,,base_lightweight,base_lightweight,ready,unknown,unknown,ambiguous_connected_workflow,mixed,trigger_incomplete,process_spawn,,True,2026-04-27T07:32:11.218838+00:00,2026-04-27T07:32:26.387394+00:00
mnt_e_dangerous_skills_youskill-finder,youskill-finder,/mnt/e/dangerous_skills/youskill-finder,skipped,,,,medium,benign_like,partial,skipped_bounded,auth_or_external_account_required,auth_or_external_account_required,adapter_backed,base_lightweight,blocked,unknown,unknown,insufficient_context,authored_skill_logic,static_only,,requires_oauth_or_login,True,2026-04-27T07:32:26.843066+00:00,2026-04-27T07:32:26.843089+00:00
mnt_e_dangerous_skills_youtube-summarize-3hazy,youtube-summarize,/mnt/e/dangerous_skills/youtube-summarize-3hazy,completed,低风险,low,0,medium,benign_like,partial,completed_full,,,base_lightweight,base_lightweight,conditional,unknown,unknown,insufficient_context,authored_skill_logic,trigger_incomplete,,requires_web_platform|requires_long_horizon_task|requires_user_supplied_artifact,True,2026-04-27T07:32:27.022486+00:00,2026-04-27T07:32:43.713517+00:00
mnt_e_dangerous_skills_youtube-thumbnail-grabber-w7har,youtube-thumbnail-grabber,/mnt/e/dangerous_skills/youtube-thumbnail-grabber-w7har,completed,低风险,low,0,medium,benign_like,partial,completed_full,,,base_lightweight,base_lightweight,ready,unknown,unknown,insufficient_context,authored_skill_logic,trigger_incomplete,,requires_web_platform|requires_long_horizon_task,True,2026-04-27T07:32:43.912359+00:00,2026-04-27T07:32:56.313931+00:00
mnt_e_dangerous_skills_youtube-video-analyzer-skill,youtube-video-analyzer,/mnt/e/dangerous_skills/youtube-video-analyzer-skill,completed,低风险,low,0,medium,benign_like,partial,completed_full,,,adapter_backed,adapter_backed,blocked,unknown,unknown,insufficient_context,authored_skill_logic,trigger_incomplete,file_write,requires_browser|requires_web_platform|requires_external_api_key|requires_local_helper_tooling|requires_document_or_office_stack,True,2026-04-27T07:32:56.482683+00:00,2026-04-27T07:33:08.324451+00:00
mnt_e_dangerous_skills_youtube-video-downloader-5qfuw,youtube-video-downloader,/mnt/e/dangerous_skills/youtube-video-downloader-5qfuw,completed,低风险,low,0,high,benign_like,partial,completed_full,,,browser_lightweight,browser_lightweight,conditional,unknown,unknown,insufficient_context,authored_skill_logic,trigger_incomplete,,requires_browser|requires_web_platform|requires_user_supplied_artifact,True,2026-04-27T07:33:08.523206+00:00,2026-04-27T07:33:17.194873+00:00
mnt_e_dangerous_skills_zai-coding-plugins_plugins_glm-plan-bug_skills_case-feedback-skill,case-feedback-skill,/mnt/e/dangerous_skills/zai-coding-plugins/plugins/glm-plan-bug/skills/case-feedback-skill,completed,低风险,low,0,low,benign_like,partial,completed_full,,,base_lightweight,base_lightweight,ready,unknown,unknown,insufficient_context,authored_skill_logic,trigger_incomplete,,requires_interactive_prompting|requires_local_helper_tooling,True,2026-04-27T07:33:17.644169+00:00,2026-04-27T07:33:41.777428+00:00
mnt_e_dangerous_skills_zai-coding-plugins_plugins_glm-plan-usage_skills_usage-query-skill,usage-query-skill,/mnt/e/dangerous_skills/zai-coding-plugins/plugins/glm-plan-usage/skills/usage-query-skill,completed,低风险,low,0,low,weakly_suspicious,partial,completed_full,,,base_lightweight,base_lightweight,ready,unknown,unknown,unsafe_command_construction,tool_selection,trigger_incomplete,process_spawn|shell_execution,requires_local_helper_tooling,True,2026-04-27T07:33:42.490154+00:00,2026-04-27T07:33:53.270130+00:00
mnt_e_dangerous_skills_zero-skills,zero-skills,/mnt/e/dangerous_skills/zero-skills,completed,低风险,low,0,low,benign_like,partial,completed_full,,,base_lightweight,base_lightweight,conditional,unknown,unknown,insufficient_context,authored_skill_logic,trigger_incomplete,file_write,requires_web_platform|requires_external_api_key|requires_long_horizon_task,True,2026-04-27T07:33:53.493255+00:00,2026-04-27T07:34:19.002818+00:00
mnt_e_dangerous_skills_zig-skills_skills_zig,zig,/mnt/e/dangerous_skills/zig-skills/skills/zig,completed,低风险,low,0,low,benign_like,partial,completed_full,,,base_lightweight,base_lightweight,conditional,unknown,unknown,insufficient_context,authored_skill_logic,trigger_incomplete,file_write,requires_web_platform|requires_external_api_key|requires_long_horizon_task|requires_heavy_runtime,True,2026-04-27T07:34:19.387850+00:00,2026-04-27T07:34:59.074937+00:00
mnt_e_dangerous_skills_zscore,zscore,/mnt/e/dangerous_skills/zscore,completed,低风险,low,0,low,benign_like,partial,completed_full,,,base_lightweight,base_lightweight,conditional,unknown,unknown,insufficient_context,authored_skill_logic,trigger_incomplete,,requires_web_platform|requires_external_api_key|requires_interactive_prompting|requires_local_helper_tooling,True,2026-04-27T07:34:59.272161+00:00,2026-04-27T07:35:14.717626+00:00
mnt_e_dangerous_skills_zynna-skills_skills_zynna-analyze-video,zynna-analyze-video,/mnt/e/dangerous_skills/zynna-skills/skills/zynna-analyze-video,completed,中风险,medium,25,medium,weakly_suspicious,partial,completed_full,,,base_lightweight,base_lightweight,conditional,llm_decision,llm_decision_induced_action,ambiguous_connected_workflow,mixed,trigger_incomplete,network_access|process_spawn,requires_web_platform|requires_external_api_key|requires_local_helper_tooling,True,2026-04-27T07:35:15.000384+00:00,2026-04-27T07:35:43.920373+00:00
mnt_e_dangerous_skills_zynna-skills_skills_zynna-auth,zynna-auth,/mnt/e/dangerous_skills/zynna-skills/skills/zynna-auth,skipped,,,,low,benign_like,partial,skipped_bounded,auth_or_external_account_required,auth_or_external_account_required,adapter_backed,base_lightweight,blocked,unknown,unknown,insufficient_context,authored_skill_logic,static_only,,requires_web_platform|requires_oauth_or_login|requires_external_api_key|requires_local_helper_tooling,True,2026-04-27T07:35:44.861471+00:00,2026-04-27T07:35:44.861506+00:00
mnt_e_dangerous_skills_zynna-skills_skills_zynna-generate-video,zynna-generate-video,/mnt/e/dangerous_skills/zynna-skills/skills/zynna-generate-video,completed,低风险,low,0,low,benign_like,partial,completed_full,,,base_lightweight,base_lightweight,conditional,unknown,unknown,insufficient_context,authored_skill_logic,trigger_incomplete,,requires_web_platform|requires_external_api_key|requires_local_helper_tooling,True,2026-04-27T07:35:45.208195+00:00,2026-04-27T07:35:58.421825+00:00
mnt_e_dangerous_skills_zynna-skills_skills_zynna-meta-ads-generate,zynna-meta-ads-generate,/mnt/e/dangerous_skills/zynna-skills/skills/zynna-meta-ads-generate,completed,低风险,low,0,low,benign_like,partial,completed_full,,,base_lightweight,base_lightweight,conditional,unknown,unknown,insufficient_context,authored_skill_logic,trigger_incomplete,,requires_web_platform|requires_external_api_key|requires_user_supplied_artifact|requires_local_helper_tooling,True,2026-04-27T07:35:58.714052+00:00,2026-04-27T07:36:36.296575+00:00
mnt_e_dangerous_skills_zynna-skills_skills_zynna-meta-ads-track,zynna-meta-ads-track,/mnt/e/dangerous_skills/zynna-skills/skills/zynna-meta-ads-track,completed,低风险,low,0,low,benign_like,partial,completed_full,,,base_lightweight,base_lightweight,conditional,unknown,unknown,insufficient_context,authored_skill_logic,trigger_incomplete,,requires_external_api_key|requires_local_helper_tooling,True,2026-04-27T07:36:36.726960+00:00,2026-04-27T07:36:49.936445+00:00
mnt_e_dangerous_skills_zynna-skills_skills_zynna-recreate-video,zynna-recreate-video,/mnt/e/dangerous_skills/zynna-skills/skills/zynna-recreate-video,completed,低风险,low,0,low,benign_like,partial,completed_full,,,base_lightweight,base_lightweight,conditional,unknown,unknown,insufficient_context,authored_skill_logic,trigger_incomplete,,requires_web_platform|requires_external_api_key|requires_local_helper_tooling,True,2026-04-27T07:36:50.277099+00:00,2026-04-27T07:37:03.379589+00:00
mnt_e_dangerous_skills_zynna-skills_skills_zynna-scene-builder,zynna-scene-builder,/mnt/e/dangerous_skills/zynna-skills/skills/zynna-scene-builder,completed,低风险,low,0,low,benign_like,partial,completed_full,,,base_lightweight,base_lightweight,conditional,unknown,unknown,insufficient_context,authored_skill_logic,trigger_incomplete,,requires_web_platform|requires_external_api_key|requires_local_helper_tooling,True,2026-04-27T07:37:03.697785+00:00,2026-04-27T07:37:12.619047+00:00
mnt_e_dangerous_skills_zynna-skills_skills_zynna-switch-actor,zynna-switch-actor,/mnt/e/dangerous_skills/zynna-skills/skills/zynna-switch-actor,completed,低风险,low,0,low,benign_like,partial,completed_full,,,base_lightweight,base_lightweight,conditional,unknown,unknown,insufficient_context,authored_skill_logic,trigger_incomplete,,requires_web_platform|requires_external_api_key|requires_local_helper_tooling,True,2026-04-27T07:37:12.976433+00:00,2026-04-27T07:37:29.835040+00:00
mnt_e_dangerous_skills_zynna-skills_skills_zynna-video-agent,zynna-video-agent,/mnt/e/dangerous_skills/zynna-skills/skills/zynna-video-agent,completed,低风险,low,0,low,weakly_suspicious,partial,completed_full,,,base_lightweight,base_lightweight,conditional,llm_decision,llm_decision_induced_action,ambiguous_connected_workflow,mixed,trigger_incomplete,network_access,requires_web_platform|requires_external_api_key|requires_local_helper_tooling,True,2026-04-27T07:37:30.148581+00:00,2026-04-27T07:37:50.898291+00:00
